cLabel,cDesc1,cDesc2,cDesc3,cSize,cGenes,cScorePheno,pValZ,pValZCorr,pValPerm,pValPermCorr
C0085159,"Seasonal Affective Disorder",disease,Mental or Behavioral Dysfunction,14,"ARNTL, CRY1, CRY2, DRD4, HTR2A, HTR2C, NPY, NPAS2, PDE4A, RORA, PER3, NR1D1, CLOCK, OPN4",0.199546152539567,2.39970307215343e-05,0.000840359143144953,0,0
C0033958,"Psychosis, Brief Reactive",disease,Mental or Behavioral Dysfunction,11,"AVP, BDNF, GRIN1, NR3C1, HTR2A, PVALB, SNAP25, SELENBP1, RBM12, CPLX2, CPLX1",0.238246230159546,2.77647728090802e-05,0.000840359143144953,0,0
C0036358,"Schizophreniform Disorders",group,Mental or Behavioral Dysfunction,11,"AVP, BDNF, GRIN1, NR3C1, HTR2A, PVALB, SNAP25, SELENBP1, RBM12, CPLX2, CPLX1",0.238246230159546,2.77647728090802e-05,0.000840359143144953,0,0
C0023014,"Language Development Disorders",group,Mental or Behavioral Dysfunction,11,"DPYD, ERF, GRIN2A, KCNA2, PTEN, NRXN1, SETBP1, CNTNAP2, BCL11A, SHANK3, FOXP2",0.30504393539182,3.36143657257981e-05,0.000840359143144953,0.0004,0.006
C0241210,"Speech Delay",disease,Mental or Behavioral Dysfunction,11,"DPYD, ERF, GRIN2A, KCNA2, PTEN, NRXN1, SETBP1, CNTNAP2, BCL11A, SHANK3, FOXP2",0.30504393539182,3.36143657257981e-05,0.000840359143144953,0.0004,0.006
C0454655,"Semantic-Pragmatic Disorder",phenotype,Mental or Behavioral Dysfunction,11,"DPYD, ERF, GRIN2A, KCNA2, PTEN, NRXN1, SETBP1, CNTNAP2, BCL11A, SHANK3, FOXP2",0.30504393539182,3.36143657257981e-05,0.000840359143144953,0.0004,0.006
C1535926,"Neurodevelopmental Disorders",group,Mental or Behavioral Dysfunction,89,"ADCY5, ANK2, CHD2, CTNNB1, DDX3X, DLG4, DNM1, DSCAM, DYRK1A, EEF1A2, FOXG1, GABRB2, GABRB3, GNAO1, GRIN2B, HNRNPU, ILF2, ITPR1, KCNH1, KCNQ2, MECP2, MEF2C, KMT2A, PAK1, PHF2, PLXNB1, PPP2R5D, PTEN, PTPN11, PURA, SCN1A, SCN2A, SCN8A, SLC6A1, SNAP25, SPAST, CDKL5, STXBP1, TCF4, TCF7L2, TRIO, SMC1A, CUL3, PPM1D, CASK, SYNGAP1, BRSK2, SMC3, DLGAP1, TRIP12, CDC42BPB, SRGAP3, TBR1, NCKAP1, SRCAP, WDR45, DHX30, RIMS1, WDFY3, ZNF292, MYT1L, IQSEC2, TNRC6B, POGZ, ZC3H4, MED13L, ADNP, SETBP1, GIGYF2, TANC2, FOXP1, SETD2, ANKRD11, KMT5B, WAC, SETD5, CACNA2D3, ASH1L, KMT2E, ARID1B, KMT2C, HIVEP3, TBL1XR1, ALG13, ASXL3, DOCK8, KATNAL2, PARD3B, NEXMIF",0.150563671076549,4.95334751464682e-05,0.00106143161028146,0.0002,0.006
C1839839,"MAJOR AFFECTIVE DISORDER 2",disease,Mental or Behavioral Dysfunction,13,"DDC, ITGA9, KCNQ2, PTPA, PRKCZ, FZD4, MAGI1, MAGI2, HMGXB4, TOM1, MLC1, CUX2, IMPACT",0.156196051135382,0.00013873526861119,0.00250931006141412,0.0008,0.0109090909090909
C0036337,"Schizoaffective Disorder",disease,Mental or Behavioral Dysfunction,25,"AVP, BDNF, CALR, GRIA1, GRIN1, NR3C1, HTR2A, NEUROG1, NPY, NPAS2, PDGFRB, PLA2G4A, PRKCA, PVALB, SAT1, SNAP25, SST, TCF7L2, SELENBP1, RBM12, CPLX2, CPLX1, SULT4A1, MED15, C9orf72",0.136189565150462,0.000150558603684847,0.00250931006141412,0.0002,0.006
C0233514,"Abnormal behavior",phenotype,Mental or Behavioral Dysfunction,15,"CDK8, DHPS, NR4A2, EIF3F, BRSK2, IQSEC1, DLL1, METTL5, KDM3B, PUS7, PRR12, BCORL1, NTNG2, MED12L, SCAMP5",0.173159152814888,0.000189822089077252,0.00284733133615878,0.0004,0.006
C0557874,"Global developmental delay",disease,Mental or Behavioral Dysfunction,125,"ABAT, ACTL6A, AP1B1, NUDT2, CACNA1B, CACNA1E, CDH2, CDK8, CHD3, AP2M1, COL4A1, CTNNA2, DDC, DDX6, DHPS, DIAPH1, ATN1, GABRA2, GABRA5, GNB1, GOT2, HK1, IGF1R, STT3A, LSS, NFIB, NSF, ODC1, POLR2A, POU3F3, PPP2CA, PCYT2, RAC1, RALA, SLC2A1, SMARCC2, SMARCD1, SOX4, SPTBN2, VAMP2, TAF1, TCF20, UBTF, UGP2, ZNF142, PCGF2, CSDE1, KDM5C, TRRAP, DEGS1, SLC25A12, GPAA1, RAB11A, SLC5A6, BRSK2, PIGQ, CACNA2D2, GTF3C3, PIGB, PUM1, FRMPD4, TMEM94, IQSEC1, HNRNPR, APC2, PIBF1, ZBTB18, STAG2, AP4S1, SUPT16H, RNF13, WDR37, CNOT1, KDM1A, SPART, MAPK8IP3, RHOBTB2, PACS2, FBXW11, SZT2, SUZ12, TKFC, INTS1, AGO1, NBEA, DLL1, TMX2, TRAPPC12, PIGP, ACTL6B, NBAS, KDM3B, GTPBP2, P4HTM, TRIT1, OXR1, PNPO, VPS53, TRMT1, KMT2E, CCDC47, ZMIZ1, PRR12, TAOK1, FAM160B1, ZNF462, ZNF335, NKAP, TRPM3, LNPK, TRIM8, SNX27, PUS3, KAT8, TRAF7, NTNG2, PNPT1, ALKBH8, TSEN15, TBC1D20, PIGU, LGI4, SCAMP5, STT3B, PHACTR1",0.0809920609506139,0.000445915946092224,0.00608067199216668,0.0004,0.006
C0027412,"Opioid-Related Disorders",group,Mental or Behavioral Dysfunction,5,"CES1, PENK, TTC9, NAV3, BMPER",0.127692742598431,0.00133875385072058,0.0118125339769463,0.0026,0.0216666666666667
C0029095,"Opioid abuse",disease,Mental or Behavioral Dysfunction,5,"CES1, PENK, TTC9, NAV3, BMPER",0.127692742598431,0.00133875385072058,0.0118125339769463,0.0026,0.0216666666666667
C0524661,"Narcotic Abuse",disease,Mental or Behavioral Dysfunction,5,"CES1, PENK, TTC9, NAV3, BMPER",0.127692742598431,0.00133875385072058,0.0118125339769463,0.0026,0.0216666666666667
C0524662,"Opiate Addiction",disease,Mental or Behavioral Dysfunction,5,"CES1, PENK, TTC9, NAV3, BMPER",0.127692742598431,0.00133875385072058,0.0118125339769463,0.0026,0.0216666666666667
C1527402,"Narcotic Dependence",disease,Mental or Behavioral Dysfunction,5,"CES1, PENK, TTC9, NAV3, BMPER",0.127692742598431,0.00133875385072058,0.0118125339769463,0.0026,0.0216666666666667
C4551628,"Opiate Abuse",disease,Mental or Behavioral Dysfunction,5,"CES1, PENK, TTC9, NAV3, BMPER",0.127692742598431,0.00133875385072058,0.0118125339769463,0.0026,0.0216666666666667
C0024713,"Manic Disorder",disease,Mental or Behavioral Dysfunction,65,"ADCY2, ADD3, GRK3, ANK3, BDNF, CACNA1C, CACNA1D, CD47, AKR1C4, COMT, NCAN, DRD1, GAD1, GAD2, GRIK2, GRIN2A, NR3C1, GSK3A, GSK3B, HTR2A, ME2, MTHFR, NDUFV2, NTRK2, PC, PDE4B, SERPINA1, POMC, POU3F2, RELN, PVALB, RPS6KA2, S100B, SCN2A, SLC5A3, SNAP25, SP4, SRPK2, STK4, TAC1, TRPC3, TRPM2, TSHB, BHLHE40, FADS2, ZNF592, TRANK1, HDAC5, CPLX2, CPLX1, NTNG1, SHANK2, RIMS1, SSBP2, TENM4, PLEKHO1, MRPS33, ZCCHC2, PACS1, FSTL5, STARD9, LMAN2L, NTNG2, DIXDC1, THSD7A",0.0611929942978196,0.00312734192672892,0.0254423792540997,0.0026,0.0216666666666667
C0221074,"Depression, Postpartum",disease,Mental or Behavioral Dysfunction,6,"HTR1A, MTHFR, OPRM1, PER2, HP1BP3, TTC9B",0.188846847256237,0.00356127945792351,0.0254423792540997,0.0038,0.0271428571428571
C0031391,"Phencyclidine Abuse",disease,Mental or Behavioral Dysfunction,7,"CALM1, CALM2, CAMK2B, SCARB1, FDFT1, APOL2, GCC1",0.145551377336343,0.00356193309557395,0.0254423792540997,0.003,0.0225
C0236742,"Phencyclidine-Related Disorders",disease,Mental or Behavioral Dysfunction,7,"CALM1, CALM2, CAMK2B, SCARB1, FDFT1, APOL2, GCC1",0.145551377336343,0.00356193309557395,0.0254423792540997,0.003,0.0225
C3714756,"Intellectual Disability",group,Mental or Behavioral Dysfunction,416,"ACTL6A, ADK, PARP1, ADSL, AP1B1, ALDH3A2, NUDT2, APC, ASAH1, ASCL1, ASS1, ASTN1, ATIC, ATP1A1, BDNF, BRCA1, CA2, CA8, CACNA1B, CACNA1E, CALCA, CAMK2A, CAMK2B, CASP2, CDC42, CDH2, CDK8, CHD3, AP2M1, TPP1, SLC31A1, CSTB, CTNNA2, DCC, DDX3X, DDX6, DHCR7, DHPS, DIAPH1, DLG4, DYNC1H1, DYNC1I2, DNMT3A, ATN1, E2F3, EEF1B2, EIF2S3, EPB41L1, BPTF, FASN, FDFT1, FGFR2, FOXG1, FMR1, FOLR1, MTOR, FUCA1, FUT8, GABRA2, GABRB2, GALE, GALT, GAMT, GFER, GNAS, GNB1, GOT2, GRIA1, GRIA2, GRIN1, GRIN2B, GRIN2D, BRF1, HTT, HEXA, HIVEP2, HK1, HMGB3, HMGCL, HNRNPK, HNRNPU, NDST1, INPP4A, STT3A, KCNA2, KIF5A, AFF3, LETM1, LRP2, LSS, MAP1B, MCC, MECP2, MEF2C, MEIS2, MTF1, PPP1R12A, NAGLU, NF1, NFIA, NFIB, NSF, NR4A2, ODC1, PAX6, CDK16, PDGFRB, PEX6, PGM3, PMM2, POU3F3, PPP2CA, PPP2R1A, PPP2R5D, PRKCG, PTEN, PTS, PURA, PYCR1, PCYT2, RAC1, RAC3, RALA, RALGDS, KDM5A, DPF2, RGS7, RORA, SC5D, SCN1A, SCN3A, SCN8A, SET, ST3GAL3, SLC1A2, SLC1A4, SLC2A1, SLC6A3, SLC6A8, SMARCC2, SMARCD1, SOX4, SOX9, SPR, SURF1, VAMP2, SYT1, TAF1, TAF2, TAF6, TAT, TBCD, TCF20, TCN2, TH, TRIO, SLC35A2, UGP2, UMPS, VIP, VRK1, NSD2, XPA, YY1, YWHAG, ZNF142, PCGF2, RNF113A, ZMYM2, CSDE1, TUBA1A, ALDH5A1, PDHX, KDM5C, TRRAP, CDK10, PRKRA, KLF7, RNASET2, ALDH4A1, EIF3F, SNX3, RAB11A, PEX11B, SYNGAP1, ST3GAL5, SLC5A6, CACNA1G, WASF1, BRSK2, AP4M1, ZMYM6, LARGE1, RAB11B, GTF3C3, NRXN1, NRXN2, MED23, QKI, AKAP6, PIGB, PREPL, PUM1, SETD1A, FRMPD4, HDAC4, TMEM94, EIF4A3, ZBTB24, SRGAP3, IQSEC1, ZBTB40, MED13, FARSB, PQBP1, FRY, AASS, HNRNPR, STAG1, BCKDK, APC2, TFG, DEAF1, PITRM1, RNASEH2A, CTCF, STAG2, RAI1, CHL1, ZMYND11, WDR4, SDCCAG8, MSL3, ASCC3, TLK2, CAPN10, ERLIN2, SUPT16H, MAN1B1, TREX1, KLF8, RNF13, PUF60, WDR37, SHANK2, NT5C2, ACIN1, ZNF292, MYT1L, POGZ, CIC, MAPK8IP3, RHOBTB2, PACS2, FBXW11, CUX2, SYNE1, SPECC1L, MED13L, AP4E1, BRD4, MACF1, SUZ12, ACOT9, NUP62, PISD, RTTN, PTPN23, SIN3A, SETBP1, TANC2, FBXL3, SACS, AGO1, NBEA, ZBTB11, PGAP2, DLL1, SETD2, METTL5, PYCR2, SCAPER, RRM2B, ATL1, TMX2, ZDHHC9, IER3IP1, RLIM, PIGP, PCDH12, PHF21A, WAC, TRAPPC4, ACTL6B, LARP7, ATP8A2, KDM3B, BCL11A, TMCO1, PUS7, GTPBP2, P4HTM, AHI1, GON4L, QRICH1, NSUN2, RNF125, PHIP, OXR1, RBM28, UBR7, LINS1, BBS7, ELP2, VPS53, ZCCHC8, TRMT1, OSGEP, RABL6, PACS1, POLR3B, TBC1D23, PECR, ASH1L, KMT2E, WDR45B, KCNQ5, INPP5E, CCDC47, ZMIZ1, SNX14, SLC4A10, SHROOM4, PRR12, TAOK1, CHD8, FAM160B1, ZNF462, KMT2C, ZNF335, TFB2M, PJA1, STRA6, NSD1, BCL11B, TMEM135, TSEN34, TRAPPC6A, NKAP, TCTN1, RNASEH2B, SRD5A3, MAP7D3, ALG13, UBA5, ZC3H14, L2HGDH, TRPM3, NAA15, TTI2, ARMC9, WDR26, KLHL15, PUS1, TSEN2, COL18A1, LNPK, LMAN2L, TRIM8, SNX27, DOCK8, LAS1L, PUS3, EIF2A, KAT8, RNASEH2C, COQ5, ACBD6, NTNG2, FAM126A, GPT2, CNDP1, MFSD2A, SERAC1, SHANK3, PNPT1, ALKBH8, PRRT2, C12orf57, ZNF526, RAB39B, TSEN15, MED12L, ARL14EP, METTL23, TBC1D20, PIGU, PTCHD1, CCBE1, LGI4, SCAMP5, ALG14, ARL13B, STT3B, PHACTR1, RALGAPA1, BRWD3, CHAMP1, TSEN54, KANSL1, LAMA1, WDR62, USP27X, PTRHD1, IQSEC3, PET100",0.0468348415826906,0.00386253631506572,0.0263354748754481,0.004,0.0272727272727273
C0011757,"Developmental Coordination Disorder",disease,Mental or Behavioral Dysfunction,7,"FGFR2, OGG1, PTEN, AKAP5, SHANK1, CLN6, CAMKMT",0.117377762398192,0.00548696814153182,0.0342935508845739,0.005,0.03125
C0026613,"Motor Skills Disorders",group,Mental or Behavioral Dysfunction,7,"FGFR2, OGG1, PTEN, AKAP5, SHANK1, CLN6, CAMKMT",0.117377762398192,0.00548696814153182,0.0342935508845739,0.005,0.03125
C0020796,"Profound Mental Retardation",disease,Mental or Behavioral Dysfunction,126,"ADK, PARP1, APC, ASCL1, BDNF, CA8, CALCA, CASP2, SLC31A1, DCC, DYNC1H1, DNMT3A, EEF1B2, FASN, FGFR2, FOXG1, FMR1, FOLR1, GAMT, GNAS, GRIN2B, HEXA, NDST1, INPP4A, KCNA2, LETM1, MCC, MECP2, MEF2C, NAGLU, NF1, PAX6, PEX6, PMM2, PRKCG, PTEN, RALGDS, KDM5A, RGS7, SC5D, SCN1A, SCN8A, SLC2A1, SURF1, TAF2, TBCD, TH, VIP, VRK1, YY1, ZMYM2, ALDH5A1, PDHX, KDM5C, PRKRA, SYNGAP1, CACNA1G, AP4M1, NRXN1, HDAC4, SRGAP3, ZBTB40, FRY, STAG1, DEAF1, RAI1, CHL1, ASCC3, CAPN10, ERLIN2, MAN1B1, SHANK2, CIC, MED13L, AP4E1, SIN3A, SETBP1, SCAPER, LARP7, TMCO1, AHI1, GON4L, PHIP, UBR7, LINS1, BBS7, ELP2, ZCCHC8, TRMT1, RABL6, POLR3B, PECR, WDR45B, INPP5E, SNX14, SLC4A10, CHD8, STRA6, NSD1, TMEM135, TSEN34, SRD5A3, L2HGDH, NAA15, TTI2, TSEN2, COL18A1, DOCK8, COQ5, ACBD6, FAM126A, CNDP1, MFSD2A, SHANK3, PRRT2, C12orf57, ZNF526, RAB39B, ARL14EP, METTL23, PTCHD1, CCBE1, TSEN54, KANSL1, LAMA1, WDR62",0.0405160551499863,0.00774209633354628,0.0430116462974793,0.0064,0.0355555555555556
C0025363,"Mental Retardation, Psychosocial",phenotype,Mental or Behavioral Dysfunction,126,"ADK, PARP1, APC, ASCL1, BDNF, CA8, CALCA, CASP2, SLC31A1, DCC, DYNC1H1, DNMT3A, EEF1B2, FASN, FGFR2, FOXG1, FMR1, FOLR1, GAMT, GNAS, GRIN2B, HEXA, NDST1, INPP4A, KCNA2, LETM1, MCC, MECP2, MEF2C, NAGLU, NF1, PAX6, PEX6, PMM2, PRKCG, PTEN, RALGDS, KDM5A, RGS7, SC5D, SCN1A, SCN8A, SLC2A1, SURF1, TAF2, TBCD, TH, VIP, VRK1, YY1, ZMYM2, ALDH5A1, PDHX, KDM5C, PRKRA, SYNGAP1, CACNA1G, AP4M1, NRXN1, HDAC4, SRGAP3, ZBTB40, FRY, STAG1, DEAF1, RAI1, CHL1, ASCC3, CAPN10, ERLIN2, MAN1B1, SHANK2, CIC, MED13L, AP4E1, SIN3A, SETBP1, SCAPER, LARP7, TMCO1, AHI1, GON4L, PHIP, UBR7, LINS1, BBS7, ELP2, ZCCHC8, TRMT1, RABL6, POLR3B, PECR, WDR45B, INPP5E, SNX14, SLC4A10, CHD8, STRA6, NSD1, TMEM135, TSEN34, SRD5A3, L2HGDH, NAA15, TTI2, TSEN2, COL18A1, DOCK8, COQ5, ACBD6, FAM126A, CNDP1, MFSD2A, SHANK3, PRRT2, C12orf57, ZNF526, RAB39B, ARL14EP, METTL23, PTCHD1, CCBE1, TSEN54, KANSL1, LAMA1, WDR62",0.0405160551499863,0.00774209633354628,0.0430116462974793,0.0064,0.0355555555555556
C0917816,"Mental deficiency",disease,Mental or Behavioral Dysfunction,126,"ADK, PARP1, APC, ASCL1, BDNF, CA8, CALCA, CASP2, SLC31A1, DCC, DYNC1H1, DNMT3A, EEF1B2, FASN, FGFR2, FOXG1, FMR1, FOLR1, GAMT, GNAS, GRIN2B, HEXA, NDST1, INPP4A, KCNA2, LETM1, MCC, MECP2, MEF2C, NAGLU, NF1, PAX6, PEX6, PMM2, PRKCG, PTEN, RALGDS, KDM5A, RGS7, SC5D, SCN1A, SCN8A, SLC2A1, SURF1, TAF2, TBCD, TH, VIP, VRK1, YY1, ZMYM2, ALDH5A1, PDHX, KDM5C, PRKRA, SYNGAP1, CACNA1G, AP4M1, NRXN1, HDAC4, SRGAP3, ZBTB40, FRY, STAG1, DEAF1, RAI1, CHL1, ASCC3, CAPN10, ERLIN2, MAN1B1, SHANK2, CIC, MED13L, AP4E1, SIN3A, SETBP1, SCAPER, LARP7, TMCO1, AHI1, GON4L, PHIP, UBR7, LINS1, BBS7, ELP2, ZCCHC8, TRMT1, RABL6, POLR3B, PECR, WDR45B, INPP5E, SNX14, SLC4A10, CHD8, STRA6, NSD1, TMEM135, TSEN34, SRD5A3, L2HGDH, NAA15, TTI2, TSEN2, COL18A1, DOCK8, COQ5, ACBD6, FAM126A, CNDP1, MFSD2A, SHANK3, PRRT2, C12orf57, ZNF526, RAB39B, ARL14EP, METTL23, PTCHD1, CCBE1, TSEN54, KANSL1, LAMA1, WDR62",0.0405160551499863,0.00774209633354628,0.0430116462974793,0.0064,0.0355555555555556
C0338831,"Manic",disease,Mental or Behavioral Dysfunction,71,"ADCY2, ADD3, GRK3, ANK3, BDNF, CACNA1C, CACNA1D, CCK, CD47, AKR1C4, COMT, NCAN, DRD1, GAD1, GAD2, GRIK2, GRIN2A, NR3C1, GSK3A, GSK3B, HSPA4, HTR2A, ME2, MTHFR, NDUFV2, NTRK2, PC, PDE4B, SERPINA1, POMC, POU3F2, PREP, RELN, PVALB, RPS6KA2, S100B, SCN2A, CCL2, SLC5A3, SNAP25, SP4, SRPK2, STK4, TAC1, TRPC3, TRPM2, TSHB, BHLHE40, FADS2, ZNF592, TRANK1, HDAC5, CPLX2, CPLX1, NTNG1, SHANK2, RIMS1, STAB1, SSBP2, TENM4, PLEKHO1, MRPS33, ZCCHC2, PACS1, FSTL5, STARD9, LMAN2L, NTNG2, SHANK3, DIXDC1, THSD7A",0.0476177270484907,0.0100768514829145,0.0539831329441847,0.0084,0.045
C0005587,"Depression, Bipolar",disease,Mental or Behavioral Dysfunction,70,"AANAT, ADCY2, ADD3, GRK3, ANK3, BDNF, CACNA1C, CACNA1D, CD47, AKR1C4, COMT, NCAN, DRD1, GAD1, GAD2, GRIK2, GRIK4, GRIN2A, NR3C1, GSK3A, GSK3B, HTR1A, HTR2A, MAOA, MTHFR, NCAM1, NDUFV2, NTRK2, PC, PDE4B, SERPINA1, POMC, POU3F2, RELN, PVALB, RPS6KA2, S100B, SCN2A, SLC5A3, SNAP25, SP4, SRPK2, STK4, TAC1, TRPC3, TRPM2, TSHB, BHLHE40, KMO, FADS2, ZNF592, TRANK1, HDAC5, CPLX2, CPLX1, NTNG1, SHANK2, RIMS1, SSBP2, TENM4, PLEKHO1, MRPS33, ZCCHC2, PACS1, FSTL5, STARD9, LMAN2L, NTNG2, DIXDC1, THSD7A",0.0448115267009913,0.0126107988395054,0.0652282698595109,0.0126,0.063
C0853193,"Bipolar I disorder",disease,Mental or Behavioral Dysfunction,5,"BCL2, NR2E1, XBP1, NRXN3, KAT6B",0.125092456427592,0.0155715878745254,0.077857939372627,0.0118,0.0610344827586207
C0001969,"Alcoholic Intoxication",disease,Mental or Behavioral Dysfunction,23,"ADH1C, ALDH1A1, ALDH2, BCHE, BDNF, CD19, CHAT, COX8A, DRD4, EIF4A2, FYN, GABRA1, GRIK1, NR3C1, HSPA4, MTHFR, MTR, OPRM1, RELA, ST6GAL1, SOD2, PER2, AKR1A1",0.0504461415200825,0.0331092161886591,0.160205884783835,0.0298,0.144193548387097
C0006868,"Cannabis Abuse",disease,Mental or Behavioral Dysfunction,10,"AKT1, CALM1, CALM2, CAMK2B, SCARB1, CNR1, FDFT1, ABCB1, APOL2, GCC1",0.0792969084798243,0.0354677556177099,0.16121707098959,0.0338,0.153636363636364
C0236735,"Cannabis-Related Disorder",group,Mental or Behavioral Dysfunction,10,"AKT1, CALM1, CALM2, CAMK2B, SCARB1, CNR1, FDFT1, ABCB1, APOL2, GCC1",0.0792969084798243,0.0354677556177099,0.16121707098959,0.0338,0.153636363636364
C0036341,"Schizophrenia",disease,Mental or Behavioral Dysfunction,697,"A1BG, ABCA1, ACHE, ACP1, ACTB, ADARB1, ADCY7, ADCYAP1, ADCYAP1R1, ADK, ADM, ADORA1, ADRA1A, ADRA2A, AGA, AGER, JAG1, AKT1, ALDH1A1, ALDH3B1, ALK, ANK3, APBA2, APC, APOD, APOE, FAS, AQP4, ARHGAP1, ARVCF, ASAH1, ATF4, ATM, ATP2A2, AVP, BAG1, CCND1, BCL2, BCL9, BDNF, BID, BRCA1, BTC, BTG1, C1QB, CACNA1B, CACNA1C, CACNA1F, DDR1, CACNB2, CALB1, CAMK2B, CASP3, CASP4, CAV1, CCK, CCND2, CDC42, CDK5, CDKN1C, CHAT, CHD4, CHGA, CHGB, CHI3L1, CHRM1, CHRM2, CHRM4, CHRM5, CHRNA3, CHRNA4, CHRNA7, CHRNB2, CKB, CLU, CCR5, CNP, CNR1, CNR2, COMT, CREB1, CRH, CRMP1, MAPK14, CSF2RA, NCAN, CTNNA2, CTNNB1, CTNND2, CTRL, CTSK, CYP1A2, CYP2E1, CYP3A5, DBN1, DCC, ACE, DIO3, DLG1, DLG2, DLG3, DLG4, DLX1, DNM1, DNMT1, DNMT3B, DPYD, DRD1, DRD2, DRD4, LPAR1, EFNB2, EGR2, EGR3, EGR4, EIF2S1, EIF5, ELAVL2, MARK2, EMX2, EN2, ENO2, EPHX2, ERBB3, ERBB4, ESR1, FABP5, FABP7, FGF2, FGFR1, FGFR2, FMR1, FOLH1, MTOR, FUT8, FYN, GABBR1, GABRA1, GABRA4, GABRA5, GABRB1, GABRB2, GABRB3, GABRD, GABRG2, GAD1, GAD2, GAP43, BLOC1S1, GDNF, GFAP, GFRA1, GFRA3, GJA8, GCLC, GLO1, GLUL, GNAL, GNAO1, GNAS, GNB3, GPM6A, MCHR1, GRK6, GPS1, GRB2, GRB10, GRIA1, GRIA2, GRIA3, GRIA4, GRID1, GRN, GRIK1, GRIK2, GRIK3, GRIK4, GRIK5, GRIN2A, GRIN2B, GRIN2C, GRIN2D, NR3C1, GRM1, GRM2, GRM3, GRM4, GRM5, GRM7, GRM8, GSK3A, GSK3B, GSN, GSTM1, GSTM2, GSTP1, GSTT1, HAGH, HCRTR1, HDAC1, HDAC2, NRG1, HINT1, HK1, HMGA1, HMOX1, HRH1, HSPA1A, HSPA1L, HSPA9, HTR1A, HTR1F, HTR2A, HTR2C, HTR4, HTR5A, HTR7, IDE, IL1B, IL3RA, IL6R, IL10RA, IMPA2, INPP5A, ITGAM, JAG2, JARID2, JUN, KCNB1, KCNH2, KCNJ3, KCNN3, KCNQ2, KCNQ3, KCNS3, KDR, KIF2A, KPNA1, KPNA3, IPO5, LAMA2, LASP1, LIFR, LPL, LRP1, LRP2, LSAMP, LTA, SMAD5, MAG, MAOA, MAOB, MAP6, MBNL1, MBP, MDH1, MDK, ME2, MET, MICB, KMT2A, MMP9, MOG, MSRA, MTHFD1, MTHFR, MTR, MYO5B, MYO9B, NCAM1, NDP, NDUFS1, NDUFV1, NDUFV2, NEFL, NEUROG1, NQO2, NNMT, NOS1, NPY, NOTCH4, NPAS1, NPAS2, NPY1R, NRGN, NTRK2, NTRK3, NTSR1, NR4A2, OPA1, OPCML, OPRM1, OXT, OXTR, PAFAH1B1, PAK2, PAWR, PAX6, PCDH8, PCM1, PCNT, CDK16, PDE4A, PDE4B, PDE4D, PDGFRB, PDYN, ABCB1, PHB, SERPINI1, PIK3C3, PIK3CA, PIK3CB, PI4KA, PIP4K2A, PITX3, PLA2G4A, PLAT, PLG, FXYD1, PLP1, PLXNA2, PML, PMP2, PPARA, PPIA, PPP3CC, PPP3R1, PRKCA, MAPK1, MAPK3, MAPK8, MAP2K7, PRODH, RELN, PSD, PSEN2, PTGER3, PTGS2, PTPN1, PTPRA, PTPRZ1, PVALB, RARA, RBP1, RELA, REST, RGS2, RGS12, S100B, ATXN2, CCL2, SDHA, SRSF1, SHMT1, ST3GAL1, SLC1A1, SLC1A2, SLC1A3, SLC1A6, SLC6A1, SLC6A3, SLC6A12, SLC12A2, SLC18A2, SLIT3, SMARCA2, SNCB, SOD2, SOX5, SOX10, SP1, SP4, SPTBN2, SREBF1, SREBF2, SST, STX1A, STXBP1, SYN1, SYN2, SYP, TAC1, TAP1, TAP2, TAPBP, TBX1, TBP, TCF4, TCF7L2, TF, TGM2, THBS1, TLR2, TLR3, TLR4, NR2E1, TSPAN8, CLDN5, TNF, TNFRSF1A, TNXB, TPI1, TPT1, UCP2, UFD1, VIP, VIPR2, VLDLR, VRK2, VSNL1, XBP1, XRCC1, XRCC4, YWHAE, ZNF74, SLC30A3, LRP8, FZD3, ST8SIA2, NRIP1, DGCR6, ESS2, SYN3, TRRAP, BRAP, MAD1L1, PLA2G6, GNPAT, RGS5, ITGA8, BHLHE40, KMO, PLA2G4C, UNC5C, BECN1, TNFSF13, RGS9, SYNGAP1, SOCS2, HDAC3, CDK5R1, MBD2, TOP3B, SELENBP1, MPZL1, SYNGR1, TMSB10, HTR3B, DCLK1, MAGI1, DLGAP2, DLGAP1, NUMBL, CD163, SNAP29, NDST3, NRXN3, PLAA, NRXN1, NRXN2, FADS2, QKI, HOMER2, HOMER1, PICK1, SLC25A27, CLOCK, PRDX6, PITPNM1, FEZ1, SH3PXD2A, RIMS2, NOS1AP, DOCK4, HDAC9, SETD1A, ARHGAP32, HDAC4, RIMS3, RB1CC1, ARHGEF11, MAGI2, SETDB1, SV2A, SRGAP3, OXSR1, MED12, DGCR2, RANBP9, ACTR2, HNRNPA3P1, OLIG2, PRSS16, SIGMAR1, SIRPB1, AKR1A1, CACNG2, SEMA3A, PEMT, CDC42EP3, PDLIM5, NPRL2, IGF2BP2, CAMKK2, CELF2, CTCF, CSPG5, B3GNT2, NRG3, RAI1, CHL1, SRSF10, SDCCAG8, CPLX2, CPLX1, PPARGC1A, PTPN21, FSTL1, KLF12, GABARAP, ADNP2, NTNG1, NLGN1, PLEKHA6, SBNO2, TRAK1, MYO16, MYT1L, TNIK, NFASC, CYFIP1, SYT11, MLC1, PLCL2, PLCB1, ARC, ASTN2, ACSL6, VPS39, PSD3, ADNP, LARS2, DICER1, SIRT1, NCS1, DAAM2, RASD2, AMACR, BACE1, TMEM245, BRD1, APOL2, SULT4A1, TENM4, CNTNAP2, AUTS2, LHX6, DAZAP1, CNPPD1, NPTN, TRMT2A, B3GAT1, PDE7B, DKK4, DKK3, GPR78, PCDH17, HPGDS, MCAT, SAP30BP, ZDHHC8, PSAT1, CALY, SHANK1, PLLP, SDF4, NRN1, MED15, MSRB1, RAPGEF6, BCL11A, FXYD6, SLC38A2, DGCR8, GNB1L, CNNM2, AHI1, DYM, NDE1, ULK4, PNPO, PBRM1, SBNO1, RCBTB1, PI4K2B, AMBRA1, WDR11, HHAT, VPS35, ST6GALNAC1, PAG1, SLC7A10, CDC42SE2, SLC17A7, SLC17A6, PLSCR4, LYRM4, RTN4, ADAMTSL3, SLC12A5, NUFIP2, NLGN2, KIF17, CACNG8, FASTKD5, SRR, PKNOX2, NPAS3, ZSCAN31, CSMD1, ETNPPL, PINK1, RTN4R, WNK3, CCDC86, RETREG2, PIP4K2C, PANK2, TET1, CCDC68, APOL4, KCNH6, LMAN2L, NDEL1, KREMEN1, DTNBP1, KAT8, PPP1R1B, MEGF10, MCHR2, PGBD1, NTNG2, KDM2B, PPP1R9B, PTPN5, CGNL1, SHANK3, STON2, DIXDC1, HPS4, NAV1, TSPAN18, EFCAB11, CEACAM21, ESAM, ARHGAP18, CADPS2, FOXP2, BTBD9, KCTD12, ACSM1, SLC26A8, GRIN3A, UHMK1, CLVS2, B3GAT2, TEKT5, ZNF480, ZNF565, CNIH3, PDIK1L, SLC23A3, EML5, SNX31, FBXO45, CMYA5, TSNARE1, C9orf72, RTKN2, HNRNPA3, SEMA3D, STH, CFAP65, ANKK1, ALS2CL, HSPA12A, MDGA1, IFNL3, LAMA1, CCDC137, LRRTM1, ZNF530, ZKSCAN4, GPR153, BLOC1S3, CTXN3",0.0290289712429311,0.0422378267741159,0.175173926982712,0.041,0.179302325581395
C0740858,"Substance abuse problem",disease,Mental or Behavioral Dysfunction,95,"ADARB2, ASTN1, ATP1B1, CDH13, CHRM2, CNR1, DDX1, DOCK1, DRD2, DSCAM, ETV6, FAAH, FHIT, GRIA4, GRIK2, GRM5, GRM7, INSR, AFF3, ABLIM1, MSRA, MYO6, NPY, NRCAM, OPRM1, PBX1, PDE1C, PMAIP1, PRKCE, PRKCH, QSOX1, SLC22A3, EIPR1, BCAR3, MKNK1, PRPF4, NRXN3, AKAP7, CXCL14, CHD1L, SLK, FARP1, PATJ, KLF12, PLA2R1, LIMCH1, SAMD4A, XPO6, FKBP15, SYNE1, RHBDD3, TIAM2, FAM184B, CTNNA3, CD274, NME7, POLR1D, MPC1, CHCHD3, APPL2, CCDC91, PACS1, FRMD4A, WDR11, PARVA, MYO5C, TENM2, XYLT1, CSMD1, PCDH15, FAM184A, ZNF385D, TTC21B, THSD4, SEMA6D, CSRNP3, ZNF606, FHOD3, COLEC12, LRMDA, RTL6, FAM126A, AGBL4, CADPS2, SLC2A13, XKR4, CSMD3, ANO4, MACROD2, MPP7, C10orf82, C19orf18, ZNF366, CERS6, HSPA12A",0.029148228904154,0.0425633086628219,0.175173926982712,0.047,0.179302325581395
C0013146,"Drug abuse",group,Mental or Behavioral Dysfunction,94,"ADARB2, ATP1B1, CDH13, CHRM2, CNR1, DDX1, DOCK1, DRD2, DSCAM, ETV6, FAAH, FHIT, GRIA4, GRIK2, GRM5, GRM7, INSR, AFF3, ABLIM1, MSRA, MYO6, NPY, NRCAM, OPRM1, PBX1, PDE1C, PMAIP1, PRKCE, PRKCH, QSOX1, SLC22A3, EIPR1, BCAR3, MKNK1, PRPF4, NRXN3, AKAP7, CXCL14, CHD1L, SLK, FARP1, PATJ, KLF12, PLA2R1, LIMCH1, SAMD4A, XPO6, FKBP15, SYNE1, RHBDD3, TIAM2, FAM184B, CTNNA3, CD274, NME7, POLR1D, MPC1, CHCHD3, APPL2, CCDC91, PACS1, FRMD4A, WDR11, PARVA, MYO5C, TENM2, XYLT1, CSMD1, PCDH15, FAM184A, ZNF385D, TTC21B, THSD4, SEMA6D, CSRNP3, ZNF606, FHOD3, COLEC12, LRMDA, RTL6, FAM126A, AGBL4, CADPS2, SLC2A13, XKR4, CSMD3, ANO4, MACROD2, MPP7, C10orf82, C19orf18, ZNF366, CERS6, HSPA12A",0.0272926225075136,0.050216525735044,0.175173926982712,0.0514,0.179302325581395
C0013170,"Drug habituation",phenotype,Mental or Behavioral Dysfunction,94,"ADARB2, ATP1B1, CDH13, CHRM2, CNR1, DDX1, DOCK1, DRD2, DSCAM, ETV6, FAAH, FHIT, GRIA4, GRIK2, GRM5, GRM7, INSR, AFF3, ABLIM1, MSRA, MYO6, NPY, NRCAM, OPRM1, PBX1, PDE1C, PMAIP1, PRKCE, PRKCH, QSOX1, SLC22A3, EIPR1, BCAR3, MKNK1, PRPF4, NRXN3, AKAP7, CXCL14, CHD1L, SLK, FARP1, PATJ, KLF12, PLA2R1, LIMCH1, SAMD4A, XPO6, FKBP15, SYNE1, RHBDD3, TIAM2, FAM184B, CTNNA3, CD274, NME7, POLR1D, MPC1, CHCHD3, APPL2, CCDC91, PACS1, FRMD4A, WDR11, PARVA, MYO5C, TENM2, XYLT1, CSMD1, PCDH15, FAM184A, ZNF385D, TTC21B, THSD4, SEMA6D, CSRNP3, ZNF606, FHOD3, COLEC12, LRMDA, RTL6, FAM126A, AGBL4, CADPS2, SLC2A13, XKR4, CSMD3, ANO4, MACROD2, MPP7, C10orf82, C19orf18, ZNF366, CERS6, HSPA12A",0.0272926225075136,0.050216525735044,0.175173926982712,0.0514,0.179302325581395
C0013222,"Drug Use Disorders",group,Mental or Behavioral Dysfunction,94,"ADARB2, ATP1B1, CDH13, CHRM2, CNR1, DDX1, DOCK1, DRD2, DSCAM, ETV6, FAAH, FHIT, GRIA4, GRIK2, GRM5, GRM7, INSR, AFF3, ABLIM1, MSRA, MYO6, NPY, NRCAM, OPRM1, PBX1, PDE1C, PMAIP1, PRKCE, PRKCH, QSOX1, SLC22A3, EIPR1, BCAR3, MKNK1, PRPF4, NRXN3, AKAP7, CXCL14, CHD1L, SLK, FARP1, PATJ, KLF12, PLA2R1, LIMCH1, SAMD4A, XPO6, FKBP15, SYNE1, RHBDD3, TIAM2, FAM184B, CTNNA3, CD274, NME7, POLR1D, MPC1, CHCHD3, APPL2, CCDC91, PACS1, FRMD4A, WDR11, PARVA, MYO5C, TENM2, XYLT1, CSMD1, PCDH15, FAM184A, ZNF385D, TTC21B, THSD4, SEMA6D, CSRNP3, ZNF606, FHOD3, COLEC12, LRMDA, RTL6, FAM126A, AGBL4, CADPS2, SLC2A13, XKR4, CSMD3, ANO4, MACROD2, MPP7, C10orf82, C19orf18, ZNF366, CERS6, HSPA12A",0.0272926225075136,0.050216525735044,0.175173926982712,0.0514,0.179302325581395
C0029231,"Organic Mental Disorders, Substance-Induced",disease,Mental or Behavioral Dysfunction,94,"ADARB2, ATP1B1, CDH13, CHRM2, CNR1, DDX1, DOCK1, DRD2, DSCAM, ETV6, FAAH, FHIT, GRIA4, GRIK2, GRM5, GRM7, INSR, AFF3, ABLIM1, MSRA, MYO6, NPY, NRCAM, OPRM1, PBX1, PDE1C, PMAIP1, PRKCE, PRKCH, QSOX1, SLC22A3, EIPR1, BCAR3, MKNK1, PRPF4, NRXN3, AKAP7, CXCL14, CHD1L, SLK, FARP1, PATJ, KLF12, PLA2R1, LIMCH1, SAMD4A, XPO6, FKBP15, SYNE1, RHBDD3, TIAM2, FAM184B, CTNNA3, CD274, NME7, POLR1D, MPC1, CHCHD3, APPL2, CCDC91, PACS1, FRMD4A, WDR11, PARVA, MYO5C, TENM2, XYLT1, CSMD1, PCDH15, FAM184A, ZNF385D, TTC21B, THSD4, SEMA6D, CSRNP3, ZNF606, FHOD3, COLEC12, LRMDA, RTL6, FAM126A, AGBL4, CADPS2, SLC2A13, XKR4, CSMD3, ANO4, MACROD2, MPP7, C10orf82, C19orf18, ZNF366, CERS6, HSPA12A",0.0272926225075136,0.050216525735044,0.175173926982712,0.0514,0.179302325581395
C0038580,"Substance Dependence",disease,Mental or Behavioral Dysfunction,94,"ADARB2, ATP1B1, CDH13, CHRM2, CNR1, DDX1, DOCK1, DRD2, DSCAM, ETV6, FAAH, FHIT, GRIA4, GRIK2, GRM5, GRM7, INSR, AFF3, ABLIM1, MSRA, MYO6, NPY, NRCAM, OPRM1, PBX1, PDE1C, PMAIP1, PRKCE, PRKCH, QSOX1, SLC22A3, EIPR1, BCAR3, MKNK1, PRPF4, NRXN3, AKAP7, CXCL14, CHD1L, SLK, FARP1, PATJ, KLF12, PLA2R1, LIMCH1, SAMD4A, XPO6, FKBP15, SYNE1, RHBDD3, TIAM2, FAM184B, CTNNA3, CD274, NME7, POLR1D, MPC1, CHCHD3, APPL2, CCDC91, PACS1, FRMD4A, WDR11, PARVA, MYO5C, TENM2, XYLT1, CSMD1, PCDH15, FAM184A, ZNF385D, TTC21B, THSD4, SEMA6D, CSRNP3, ZNF606, FHOD3, COLEC12, LRMDA, RTL6, FAM126A, AGBL4, CADPS2, SLC2A13, XKR4, CSMD3, ANO4, MACROD2, MPP7, C10orf82, C19orf18, ZNF366, CERS6, HSPA12A",0.0272926225075136,0.050216525735044,0.175173926982712,0.0514,0.179302325581395
C0038586,"Substance Use Disorders",group,Mental or Behavioral Dysfunction,94,"ADARB2, ATP1B1, CDH13, CHRM2, CNR1, DDX1, DOCK1, DRD2, DSCAM, ETV6, FAAH, FHIT, GRIA4, GRIK2, GRM5, GRM7, INSR, AFF3, ABLIM1, MSRA, MYO6, NPY, NRCAM, OPRM1, PBX1, PDE1C, PMAIP1, PRKCE, PRKCH, QSOX1, SLC22A3, EIPR1, BCAR3, MKNK1, PRPF4, NRXN3, AKAP7, CXCL14, CHD1L, SLK, FARP1, PATJ, KLF12, PLA2R1, LIMCH1, SAMD4A, XPO6, FKBP15, SYNE1, RHBDD3, TIAM2, FAM184B, CTNNA3, CD274, NME7, POLR1D, MPC1, CHCHD3, APPL2, CCDC91, PACS1, FRMD4A, WDR11, PARVA, MYO5C, TENM2, XYLT1, CSMD1, PCDH15, FAM184A, ZNF385D, TTC21B, THSD4, SEMA6D, CSRNP3, ZNF606, FHOD3, COLEC12, LRMDA, RTL6, FAM126A, AGBL4, CADPS2, SLC2A13, XKR4, CSMD3, ANO4, MACROD2, MPP7, C10orf82, C19orf18, ZNF366, CERS6, HSPA12A",0.0272926225075136,0.050216525735044,0.175173926982712,0.0514,0.179302325581395
C0236969,"Substance-Related Disorders",group,Mental or Behavioral Dysfunction,94,"ADARB2, ATP1B1, CDH13, CHRM2, CNR1, DDX1, DOCK1, DRD2, DSCAM, ETV6, FAAH, FHIT, GRIA4, GRIK2, GRM5, GRM7, INSR, AFF3, ABLIM1, MSRA, MYO6, NPY, NRCAM, OPRM1, PBX1, PDE1C, PMAIP1, PRKCE, PRKCH, QSOX1, SLC22A3, EIPR1, BCAR3, MKNK1, PRPF4, NRXN3, AKAP7, CXCL14, CHD1L, SLK, FARP1, PATJ, KLF12, PLA2R1, LIMCH1, SAMD4A, XPO6, FKBP15, SYNE1, RHBDD3, TIAM2, FAM184B, CTNNA3, CD274, NME7, POLR1D, MPC1, CHCHD3, APPL2, CCDC91, PACS1, FRMD4A, WDR11, PARVA, MYO5C, TENM2, XYLT1, CSMD1, PCDH15, FAM184A, ZNF385D, TTC21B, THSD4, SEMA6D, CSRNP3, ZNF606, FHOD3, COLEC12, LRMDA, RTL6, FAM126A, AGBL4, CADPS2, SLC2A13, XKR4, CSMD3, ANO4, MACROD2, MPP7, C10orf82, C19orf18, ZNF366, CERS6, HSPA12A",0.0272926225075136,0.050216525735044,0.175173926982712,0.0514,0.179302325581395
C1510472,"Drug Dependence",group,Mental or Behavioral Dysfunction,94,"ADARB2, ATP1B1, CDH13, CHRM2, CNR1, DDX1, DOCK1, DRD2, DSCAM, ETV6, FAAH, FHIT, GRIA4, GRIK2, GRM5, GRM7, INSR, AFF3, ABLIM1, MSRA, MYO6, NPY, NRCAM, OPRM1, PBX1, PDE1C, PMAIP1, PRKCE, PRKCH, QSOX1, SLC22A3, EIPR1, BCAR3, MKNK1, PRPF4, NRXN3, AKAP7, CXCL14, CHD1L, SLK, FARP1, PATJ, KLF12, PLA2R1, LIMCH1, SAMD4A, XPO6, FKBP15, SYNE1, RHBDD3, TIAM2, FAM184B, CTNNA3, CD274, NME7, POLR1D, MPC1, CHCHD3, APPL2, CCDC91, PACS1, FRMD4A, WDR11, PARVA, MYO5C, TENM2, XYLT1, CSMD1, PCDH15, FAM184A, ZNF385D, TTC21B, THSD4, SEMA6D, CSRNP3, ZNF606, FHOD3, COLEC12, LRMDA, RTL6, FAM126A, AGBL4, CADPS2, SLC2A13, XKR4, CSMD3, ANO4, MACROD2, MPP7, C10orf82, C19orf18, ZNF366, CERS6, HSPA12A",0.0272926225075136,0.050216525735044,0.175173926982712,0.0514,0.179302325581395
C0033922,"Psychomotor Disorders",group,Mental or Behavioral Dysfunction,7,"ABAT, CRH, ERCC6, FOLR1, MECP2, RPS6KA3, VDAC1",0.041215093359708,0.103953369404983,0.346511231349945,0.1054,0.351333333333333
C0751456,"Developmental Psychomotor Disorders",group,Mental or Behavioral Dysfunction,7,"ABAT, CRH, ERCC6, FOLR1, MECP2, RPS6KA3, VDAC1",0.041215093359708,0.103953369404983,0.346511231349945,0.1054,0.351333333333333
C0525045,"Mood Disorders",group,Mental or Behavioral Dysfunction,131,"ADCY3, ADCY7, ADCY8, ADRA1B, ADRA2A, ADRA2C, ADRB1, AKT1, ANK3, AR, ARNTL, ARRB2, ATP2A2, BDNF, CACNA1C, CACNA1D, CHRM2, COMT, CREB1, CRH, CRHBP, DCTN1, DLG3, DLG4, DNMT1, DNMT3B, DRD2, DRD4, DUSP6, ESR1, FGF2, FKBP5, FOSB, GABRA1, GABRA5, GABRB2, GABRD, GAD1, GAD2, GAP43, GLUL, GNB3, MCHR1, GRIK2, GRIN2A, NR3C1, GRM3, GSK3B, HCRTR1, HTT, HDAC1, HDAC2, HIF1A, HSPA4, HSP90AA1, HTR1A, HTR2A, HTR2C, HTR4, HTR5A, HTR7, IL9R, IMPA2, LDHA, MAOA, MAOB, MAP2, MTHFR, NCAM1, NFKB1, NPY, NPY2R, NTRK2, NTRK3, NTSR1, TBC1D25, OPRK1, OXT, P2RX7, PDYN, PFKFB3, PFKL, SERPINA1, PNOC, POLG, PPARG, PRNP, RELN, PTGS2, RARA, S100A10, S100B, SAT1, SLC1A2, SLC6A3, SMS, SPR, SST, SSTR3, TAC1, TBX1, TH, TNF, TSNAX, VEGFA, VGF, WFS1, KAT2B, TIMELESS, CLOCK, RGS6, HDAC4, HCN4, SIGMAR1, TNFSF13B, RNPS1, SIRT2, VPS13A, CRTC1, SIRT1, BSCL2, HPGDS, SERTAD1, GAL, KCNK9, SMOX, HES6, SLC12A5, FTO, DTNBP1, KCTD12",0.0252672945471781,0.123360656483291,0.4022630102716,0.1206,0.393260869565217
C0005586,"Bipolar Disorder",disease,Mental or Behavioral Dysfunction,388,"ACTB, ADARB1, ADCY2, ADCY3, ADCY8, ADCYAP1, ADD3, ADM, ADRA1A, ADRA2C, ADRB2, GRK3, AGT, AKT1, AKT2, ALDH2, ANK3, SLC25A4, APOD, APOE, APP, ARNTL, ARRB2, ATF4, ATP1A1, ATP1A2, ATP1A3, AVP, BAG1, BCHE, BCL2, BCL9, BCR, BDKRB2, BDNF, BID, TSPO, CACNA1A, CACNA1B, CACNA1C, CACNA1D, CACNB2, CALM2, CALR, CAMK2A, CASP8, CD47, CDH7, AKR1C4, CHRM2, CHRNA2, CHRNA7, CNR1, CNR2, COMT, CREB1, CRH, CRY1, CRY2, NCAN, CSRP1, DGKB, DBN1, ACE, DDC, DIO2, DLG2, DLG3, DLG4, DLX1, DNMT1, DPYSL2, DRD1, DRD2, DRD4, DSCAM, DUSP6, S1PR1, EGR2, EGR3, ERBB3, ERBB4, ESR1, FABP7, FGFR1, FGFR2, FKBP5, FYN, G6PD, GABRA1, GABRA3, GABRA5, GABRB1, GABRB2, GABRB3, GABRG1, GAD1, GAD2, GAP43, GDNF, GFAP, GLO1, GNAL, GNB3, MCHR1, GRIA1, GRIA2, GRIA3, GRID1, GRN, GRIK1, GRIK2, GRIK4, GRIK5, GRIN1, GRIN2A, GRIN2B, NR3C1, GRM3, GRM4, GRM5, GRM7, GSK3A, GSK3B, GSTM1, GSTT1, GSTZ1, NRG1, HIF1A, HINT1, HSPA4, HSPA5, DNAJB1, HTR1A, HTR2A, HTR2C, HTR4, HTR5A, IGF1, IGFBP2, IL1B, IL2RB, IMPA1, IMPA2, INPP1, ITGA9, ITGAM, ITIH4, ITPR1, KCNN3, KCNQ2, KCNQ3, LDHA, MAOA, MAOB, MAP2, ME2, MFGE8, MLLT3, MMP9, MTHFD1, MTHFR, MTR, NCAM1, NDUFV1, NDUFV2, NDUFV3, NEDD4, NEFM, NEFL, NFIX, NNMT, NOS3, NOTCH4, NPAS2, NRGN, NTRK2, ROR1, NR4A2, P2RX7, PC, PCNT, PDE4A, PDE4B, PDE9A, PDYN, PFKFB3, PFKL, PGAM1, SERPINA1, PIK3C3, PIP4K2A, PLA2G4A, PLCG1, POLG, POMC, POU3F2, PPARD, PPID, PPP2R2C, PTPA, PPP3CC, PRKCI, PRKCZ, MAPK1, PRODH, RELN, PSEN2, PTGDS, PVALB, RASGRF1, RFX4, RGS4, RORA, RPS6KA2, S100A10, S100B, SAT1, SCN2A, SCN8A, SFRP1, SRSF3, ST3GAL1, SLC1A1, SLC1A2, SLC1A3, SLC1A6, SLC5A3, SLC6A3, SLC6A13, SLC18A2, SMS, SNAP25, SOD2, SP4, SPR, SRPK2, SST, NEK4, STK4, TAC1, TCF4, TCF7L2, TGM2, TH, TLL2, TLR2, TLR4, NR2E1, TSPAN8, TNF, TPO, HSP90B1, TRPC3, TRPM2, TSHB, TSNAX, UCP2, VEGFA, VGF, VIP, VIPR2, WFS1, XBP1, YWHAE, YWHAH, YWHAZ, ST8SIA2, SYN3, FZD4, PLA2G6, BHLHE40, NAPG, FGF17, PER3, PER2, TIMELESS, CHRNA6, HIP1R, SYNGR1, TMSB10, HTR3B, DCLK1, VAPA, MAGI1, NDST3, NRXN1, FADS2, NR1D1, CLOCK, SEC24C, ARHGEF10, ZNF592, RAPGEF5, MAGI2, TRANK1, SLC12A6, HDAC5, HMGXB4, TOM1, RASGRP1, RNF41, RACK1, PDLIM5, LBX1, NRG3, CPLX2, CPLX1, PDE10A, IFT27, KLK8, AKAP10, ATF5, NTNG1, NLGN1, SHANK2, RIMS1, STAB1, MLC1, PLCB1, ASTN2, CUX2, SYNE1, DOCK9, LARS2, SIRT1, NCS1, SEZ6L, SSBP2, BRD1, WHRN, TENM4, CNTNAP2, FBXL3, DAZAP1, DKK4, GPR78, CNTN6, HPGDS, PCLO, DBNL, SLC39A3, GAL, PLEKHO1, SRRT, MRPS33, TUBA8, GNB1L, ZCCHC2, ULK4, PBRM1, IMPACT, PACS1, MBD5, DOK5, FSTL5, ARNTL2, SLC17A7, SLC17A6, CHMP1B, STARD9, SORCS2, NPAS3, CSMD1, USP46, MPPE1, BHLHE41, PALB2, PIP4K2C, LMAN2L, DTNBP1, PPP1R1B, DCTN5, MCHR2, NTNG2, DIXDC1, KCTD12, GRIN3A, C14orf28, CNTN4, DGKH, THSD7A, AFG1L, ANKK1, MDGA1, PGP, PLCXD3, PPIEL",0.0201111904514846,0.128690429080017,0.410714135361757,0.1294,0.412978723404255
C0008073,"Developmental Disabilities",group,Mental or Behavioral Dysfunction,29,"KIF1A, CBL, CHD4, CHRNA4, DRD2, KCNQ2, LRP2, MECP2, NTRK2, PMP22, MAPK3, PTEN, SLC2A1, SLC6A8, TBCD, SLC4A4, SLC33A1, SETD1A, STAMBP, MSL3, PNKP, NANS, ARFGAP1, KCNT1, WDFY4, CAMKMT, DOCK8, SHANK3, CNTN4",0.0185916551612804,0.197430529323287,0.616970404135273,0.1994,0.623125
C0033975,"Psychotic Disorders",group,Mental or Behavioral Dysfunction,77,"ADARB1, ANK3, AVP, BCL9, BDNF, CACNA1C, CALR, CD34, CYP2B6, DLX1, FGFR2, FKBP5, FTL, GLUL, GNA12, GRIK3, GRIK4, GRIN1, NR3C1, GSTP1, HDAC2, HTR2A, HTR5A, KCNH2, MAOA, ME2, MEF2A, GADD45B, NQO2, NPAS1, NPY1R, OPRM1, PAWR, PCNT, ABCB1, PPP3CC, PRKCA, PTPRC, PVALB, SAT1, ST3GAL1, SLC12A2, SNAP25, SP1, TBX1, TCF4, TRPM2, PLA2G6, SELENBP1, GPR52, PICK1, FEZ1, MED12, RBM12, OLIG2, CPLX2, CPLX1, PDE10A, ARHGAP26, WWC1, TENM4, HPGDS, SLC39A3, SHANK1, DGCR8, GNB1L, NDE1, SOBP, PBRM1, ST6GALNAC1, PAK5, NPAS3, ZSCAN31, TET1, KCNH6, NDEL1, C9orf72",0.0145761550580192,0.210753660814867,0.645164267800614,0.2118,0.648367346938776
C0004352,"Autistic Disorder",disease,Mental or Behavioral Dysfunction,212,"ABAT, ACADSB, ASIC2, ADA, ADM, ADRB2, ADSL, APC, AQP4, AR, KIF1A, AVP, BCL2, BDNF, BTD, CACNA1C, CALCA, CAT, CDH9, CDH10, CHD4, CHRNA4, CHRNA7, CHRNB2, COMT, DAB1, ACE, DHCR7, DHFR, DLX1, DLX2, DPYD, DRD1, EGR2, EIF4E, EN2, EXT1, FMR1, GABBR1, GABRA1, GABRA2, GABRA3, GABRA4, GABRA5, GABRB1, GABRB3, GAD1, GHR, GJA1, GLO1, GPX1, GRIA1, GRIK2, GRIN2A, GRIN2B, GRM8, GSTM1, GSTP1, GZMB, HDLBP, HRAS, HTR2A, HTR5A, IGF1, IGFBP3, IL15, INPP1, KCND2, KCNMA1, LAMB1, LASP1, MAOA, MAOB, MARK1, MCC, MECP2, MEF2C, MET, MIF, MTF1, MTHFR, MYO1D, NF1, NOS2, NPAS2, NRCAM, NTRK2, NR4A2, OXT, OXTR, CNTN3, PRKN, PAX6, PDE4A, PDE4B, PECAM1, PER1, PLA2G4A, PLAUR, POMC, PRF1, PRKCB, MAPK3, RELN, PTEN, PTGS2, ROBO1, ROBO2, RORA, RPL10, SCN7A, SCT, SLC1A3, SLC6A8, SLC19A1, STX1A, TCN2, TF, TSC1, TSC2, UBE2H, UBE3A, VIP, VLDLR, XPC, CSDE1, ST8SIA2, LZTR1, KDM5C, TRRAP, SLC25A12, NRP2, SYNGAP1, CACNA1H, MBD4, TAF1C, BRSK2, RNF8, SEMA5A, DLGAP2, NRXN3, NRXN1, NRXN2, GABBR2, DOCK4, CUL7, FARP2, TBR1, KDM5B, ZMYND11, IL1RAPL1, POU6F2, NLGN1, SHANK2, RIMS1, ZNF292, VWA8, PASK, ASTN2, ADNP, CADM1, CNTNAP2, RAB11FIP5, SEZ6L2, AGO1, NBEA, SND1, STK39, DLL1, STXBP6, SLC40A1, SHANK1, FBXO40, MBD3, SNTG2, NLGN3, ROBO4, MAGEL2, RBFOX1, AHI1, TMLHE, KMT2E, ATP10A, NLGN4X, PCDH10, CHD8, WDFY4, ROBO3, NSD1, COP1, TBL1XR1, IMMP2L, KAT8, SHANK3, DIXDC1, CADPS2, FOXP2, CSMD3, RAB39B, AGAP1, PTCHD1, MACROD2, GPR155, CNTN4, JAKMIP1, HTR3C, SCAMP5, PLD5, REEP3, JMJD1C, SLC9A9, ZNF713",0.0160184460102345,0.220193273468423,0.66057982040527,0.2218,0.6654
C0424605,"Developmental delay (disorder)",phenotype,Mental or Behavioral Dysfunction,36,"ABAT, ACTL6A, COL4A1, DDC, DIAPH1, GABRA2, GABRA5, GNB1, IGF1R, STT3A, RAC1, SLC2A1, SPTBN2, TCF20, UBTF, KDM5C, DEGS1, SLC5A6, PIGQ, CACNA2D2, PIBF1, AP4S1, KDM1A, SPART, SZT2, TKFC, TRAPPC12, NBAS, TRIT1, VPS53, TAOK1, ZNF335, PNPT1, ALKBH8, TBC1D20, STT3B",0.0174922404886734,0.228304098653738,0.67148264309923,0.2302,0.677058823529412
C3496069,"cocaine use",disease,Mental or Behavioral Dysfunction,10,"ADRA1A, CYP11A1, DNMT3A, GRIK1, HSPA4, SCN1A, TFAP2C, CHRNA6, CLOCK, STARD3",0.0234885947905184,0.238583704539169,0.688222224632217,0.2414,0.696346153846154
C0011570,"Mental Depression",disease,Mental or Behavioral Dysfunction,207,"A2M, AANAT, ADCY5, ADCY7, ADCY8, ADCYAP1, ADRA2A, ADRB1, AGT, AKT1, ALK, APP, APRT, AQP4, AR, ARNTL, ARRB2, ATF3, ATF4, ATP1A3, ATP2A2, BAG1, BDNF, BRCA1, CACNA1C, CALM2, CAMK2A, SERPINA6, CDH13, CDKN2A, CHAT, CHRM2, CHRNA2, CHRNA4, CMKLR1, CNR1, CNR2, COMT, CREB1, CRH, CRHBP, CRY1, CRY2, DGKB, DLG4, DPYSL2, DRD1, DRD2, DRD4, DUSP1, DUSP4, DUSP6, EGR3, ERBB3, ESR1, FGFR1, FGFR2, FKBP5, FOLH1, GABRA3, GABRB3, GAD1, GAP43, GFAP, GH1, GLO1, GLUL, GNB3, MCHR1, GPX1, GRIA1, GRIA3, GRID1, GRN, GRIK3, GRIN2A, GRIN2B, NR3C1, GRM1, GRM7, GRPR, GSK3B, GSTM1, GSTT1, HCRT, HCRTR1, HTT, HDAC2, NRG1, HIF1A, HSD11B1, HTR1A, HTR2A, HTR2C, HTR4, HTR7, IGF1, IL1B, IL6R, IMPA2, KCNJ6, KCNK2, STMN1, LDHA, LIF, LTA4H, M6PR, MAOA, MAOB, MC1R, ATXN3, NR3C2, MTHFR, MTR, NCAM1, NEFM, NOS2, NOS3, NPY, NPAS2, NTRK2, OPRK1, OPRM1, OXT, OXTR, P2RX7, PDE4A, PDE4B, PDE4D, PDE1B, PDYN, PENK, PFKFB3, ABCB1, PNOC, POMC, PPP3CC, PRKCI, MAPK3, MAPK8, RELN, PSEN1, PYY, PTGS2, RAC1, RORA, S100A10, S100B, SFRP1, SLC1A1, SLC1A2, SLC6A1, SLC6A3, SLC18A2, SNAP25, SOD1, SOD2, SRD5A1, SYN1, TAC1, TH, TLE1, TNF, TNFRSF1A, TRH, TTR, UCN, VEGFA, VGF, WFS1, FGF17, PER3, PER2, SGCE, TIMELESS, CHRNA6, ARTN, TBX19, HTR3B, LGI1, NRXN1, HOMER1, CLOCK, CARTPT, ARHGEF10, HDAC9, HDAC4, MED12, HDAC6, HDAC5, DEAF1, CPLX2, CPLX1, WWC1, DKK4, PCLO, GAL, PEX5L, SLCO1C1, SLC29A3, RNF123, FTO, BICC1, DTNBP1, PPP1R1B, ANKK1, HCN1",0.00888548747315451,0.28789073867263,0.814785109450838,0.2938,0.831509433962264
C0085996,"Child Development Deviations",disease,Mental or Behavioral Dysfunction,28,"KIF1A, CBL, CHD4, CHRNA4, DRD2, KCNQ2, LRP2, MECP2, NTRK2, PMP22, MAPK3, PTEN, SLC2A1, SLC6A8, TBCD, SLC4A4, SLC33A1, STAMBP, MSL3, PNKP, NANS, ARFGAP1, KCNT1, WDFY4, CAMKMT, DOCK8, SHANK3, CNTN4",0.00982466209910584,0.335163354330086,0.91408187544569,0.3408,0.929454545454545
C0085997,"Child Development Disorders, Specific",disease,Mental or Behavioral Dysfunction,28,"KIF1A, CBL, CHD4, CHRNA4, DRD2, KCNQ2, LRP2, MECP2, NTRK2, PMP22, MAPK3, PTEN, SLC2A1, SLC6A8, TBCD, SLC4A4, SLC33A1, STAMBP, MSL3, PNKP, NANS, ARFGAP1, KCNT1, WDFY4, CAMKMT, DOCK8, SHANK3, CNTN4",0.00982466209910584,0.335163354330086,0.91408187544569,0.3408,0.929454545454545
C0600427,"Cocaine Dependence",disease,Mental or Behavioral Dysfunction,102,"ADRA1A, RHOA, AVP, BCHE, BDNF, CALM1, CALM2, CAMK4, CAMK2A, CAMK2B, RUNX2, CCKBR, SCARB1, CDK5, CES1, CHRM5, CHRNA3, CNR1, COMT, CREB1, CRH, CRHBP, DRD1, DRD2, EGR1, FDFT1, FGF2, FOS, FOSB, GABBR1, GABRA2, GABRG2, GAD1, GAD2, GALR1, GDNF, GRIA1, GRIA2, GRIN1, NR3C1, GRM5, GSTP1, HCRT, HCRTR1, HTR1A, HTR2A, ILK, JUND, SMAD1, SMAD3, SMAD5, MAOA, MECP2, NPY, NPY2R, NSF, NTRK2, OPRK1, OPRM1, PDYN, POMC, MAPK1, MAPK3, SLC1A2, SLC6A3, SLC18A2, SMARCA4, SNCA, TYK2, CES2, PER2, RPS6KA5, HOMER2, HOMER1, CLOCK, CARTPT, FAM53B, HDAC4, HDAC5, GPHN, SIGMAR1, EHMT2, ARC, NCS1, APOL2, GPSM1, AGO2, KLHL5, GHRL, PRMT6, TENM3, SMURF1, LRRC7, SYT13, GCC1, ICE2, MANEA, SRCIN1, COL21A1, ANKK1, ATP9B, CCSER1",0.00838198830506131,0.349694401183585,0.936681431741745,0.3504,0.938571428571429
C1510586,"Autism Spectrum Disorders",disease,Mental or Behavioral Dysfunction,71,"BDNF, CA2, CDH10, CHD2, CIRBP, DHCR24, DIO2, DIO3, DLG4, DLX1, DNMT3A, DNMT3B, DPP6, DPYD, EN2, EPHX2, GABRA5, GABRB3, GLRA2, GRIN2B, GTF2I, JARID2, MEF2C, NTSR1, OXTR, PCDH9, RELN, RARB, RYR2, SCN1A, SFSWAP, SLC1A1, SLC16A2, SOX5, SOX9, TBL1X, NEMF, TRIP12, NRXN3, NRXN1, NRXN2, LAMC3, RAI1, IL1RAPL1, MYT1L, CIC, DIP2A, HEY1, SIN3A, CNTNAP2, FOXP1, ANKRD11, SNTG2, NLGN3, LRRN3, NSUN2, NLGN4X, TSHZ3, DPP10, CHD8, ROGDI, TET1, DDHD1, CTTNBP2, SHANK3, CEP41, IQGAP3, PTCHD1, UPP2, UNC80, LRRTM3",0.00742524273861439,0.379191101505522,0.955501972805334,0.383,0.983709677419355
C0236733,"Amphetamine-Related Disorders",group,Mental or Behavioral Dysfunction,56,"ACHE, AKT1, AOAH, ARRB2, BDNF, CDH13, COMT, CD55, DRD1, DRD2, DRD4, EPHX1, FHIT, FOS, GABRG2, GDNF, GRM2, GSTM1, GSTP1, GSTT1, NRG1, MYO5B, NOS1, NPY1R, OPRM1, PDE4B, PDE4D, PDYN, PLAT, PRKG1, MAP2K5, RELA, SLC6A3, SNCA, PRDM2, LARGE1, PICK1, RAPGEF5, HS3ST4, RALY, ZNF423, ASTN2, ACSL6, FKBP15, PSD3, AK5, RGS17, PCOLCE2, CCHCR1, CSMD1, SMYD3, ZNF385D, TRPM3, USP48, LINGO2, SH3RF3",0.00559291785700253,0.388065516607243,0.955501972805334,0.4034,0.983709677419355
C0236804,"Amphetamine Addiction",disease,Mental or Behavioral Dysfunction,56,"ACHE, AKT1, AOAH, ARRB2, BDNF, CDH13, COMT, CD55, DRD1, DRD2, DRD4, EPHX1, FHIT, FOS, GABRG2, GDNF, GRM2, GSTM1, GSTP1, GSTT1, NRG1, MYO5B, NOS1, NPY1R, OPRM1, PDE4B, PDE4D, PDYN, PLAT, PRKG1, MAP2K5, RELA, SLC6A3, SNCA, PRDM2, LARGE1, PICK1, RAPGEF5, HS3ST4, RALY, ZNF423, ASTN2, ACSL6, FKBP15, PSD3, AK5, RGS17, PCOLCE2, CCHCR1, CSMD1, SMYD3, ZNF385D, TRPM3, USP48, LINGO2, SH3RF3",0.00559291785700253,0.388065516607243,0.955501972805334,0.4034,0.983709677419355
C0236807,"Amphetamine Abuse",disease,Mental or Behavioral Dysfunction,56,"ACHE, AKT1, AOAH, ARRB2, BDNF, CDH13, COMT, CD55, DRD1, DRD2, DRD4, EPHX1, FHIT, FOS, GABRG2, GDNF, GRM2, GSTM1, GSTP1, GSTT1, NRG1, MYO5B, NOS1, NPY1R, OPRM1, PDE4B, PDE4D, PDYN, PLAT, PRKG1, MAP2K5, RELA, SLC6A3, SNCA, PRDM2, LARGE1, PICK1, RAPGEF5, HS3ST4, RALY, ZNF423, ASTN2, ACSL6, FKBP15, PSD3, AK5, RGS17, PCOLCE2, CCHCR1, CSMD1, SMYD3, ZNF385D, TRPM3, USP48, LINGO2, SH3RF3",0.00559291785700253,0.388065516607243,0.955501972805334,0.4034,0.983709677419355
C0009241,"Cognition Disorders",group,Mental or Behavioral Dysfunction,28,"AGT, APOE, APP, BCHE, COMT, CRH, DRD2, EIF2S1, FGF14, FMR1, FOSB, GSK3B, LAMB2, SMAD4, MAOA, MAPT, MET, OXTR, PSEN1, PTGS2, SLC1A1, TSC1, VIP, ZNF41, CDK5R1, AFF4, SLC4A10, RAB40AL",0.00805987667491162,0.388570802274169,0.955501972805334,0.3934,0.983709677419355
C0006870,"Cannabis Dependence",disease,Mental or Behavioral Dysfunction,17,"ADRA1A, AKT1, CALM1, CALM2, CAMK2B, SCARB1, CNR1, DRD2, FAAH, FDFT1, GABRA2, HCRT, NRG1, PENK, ABCB1, APOL2, GCC1",0.00686336859241152,0.400126367137866,0.968047662430321,0.4066,0.983709677419355
C0038587,"Substance Withdrawal Syndrome",disease,Mental or Behavioral Dysfunction,48,"ADCY1, ADCY8, ADORA1, RHOA, AVP, BDNF, RUNX2, CCKBR, CHRM5, CHRNA7, CHRNB2, CNR1, CREB1, CRH, DRD2, FAAH, FOS, GNAI1, GNAO1, GNAS, GRIA1, GRIA2, GRIN2A, HCRT, HCRTR1, HRH1, HRH2, HTR2C, SMAD1, SMAD5, MMP9, NOS2, NPY, NPTX2, NPY2R, OPRK1, OPRL1, PER1, PNOC, POMC, MAPK1, MAPK3, SLC6A1, PER3, PER2, CHRNA6, ARL6IP5, SMURF1",0.00270039219283209,0.440752813644648,0.999951128759523,0.4408,1
C0011581,"Depressive disorder",disease,Mental or Behavioral Dysfunction,229,"A2M, AANAT, ADCY5, ADCY7, ADCY8, ADCYAP1, ADRA2A, ADRB1, AGT, AKT1, ALB, ALK, APP, APRT, AQP4, AR, ARNTL, ARRB2, ATF3, ATF4, ATP1A3, ATP2A2, BAG1, BCL2, BDNF, BRCA1, CACNA1C, CALM2, CAMK2A, SERPINA6, CDH13, CDKN2A, CHAT, CHRM2, CHRNA2, CHRNA4, CMKLR1, CNR1, CNR2, COMT, CREB1, CRH, CRHBP, CRY1, CRY2, DGKB, ACE, DLG4, DPYSL2, DRD1, DRD2, DRD4, DUSP1, DUSP4, DUSP6, EGR3, ESR1, ACSL4, FGF2, FGFR1, FGFR2, FKBP5, FOLH1, FTH1, FTL, GABPA, GABRA3, GABRB3, GAD1, GAP43, GFAP, GH1, GLO1, GLUL, GNB1, GNB3, MCHR1, GPX1, GRIA1, GRIA3, GRID1, GRN, GRIK3, GRIN2A, GRIN2B, NR3C1, GRM1, GRM7, GRPR, GSK3A, GSK3B, GSTM1, GSTT1, HCRT, HCRTR1, HTT, NRG1, HSD11B1, HTR1A, HTR2A, HTR2C, HTR4, HTR7, IGF1, IL1B, IL6R, IMPA2, KCNJ6, KCNK2, STMN1, LIF, LTA4H, M6PR, MAOA, MAOB, MC1R, MIF, ATXN3, NR3C2, MTHFR, MTR, NCAM1, NEFM, NOS1, NOS2, NOS3, NPY, NPAS2, NPY1R, NTRK2, OPRK1, OPRM1, OXT, OXTR, P2RX7, PDE4A, PDE4B, PDE4D, PDE1B, PDYN, PENK, ABCB1, PITX3, PNOC, POMC, PPP3CC, PRKCI, MAPK3, MAPK8, MAP2K5, PRNP, RELN, PSEN1, PYY, PTGS2, RAC1, RGS1, RORA, S100A10, S100B, SAT1, SFRP1, SLC1A1, SLC1A2, SLC6A1, SLC6A3, SLC18A2, SNAP25, SOD1, SOD2, SRD5A1, STAT3, SYN1, TAC1, TG, TH, TLE1, TNF, TNFRSF1A, TRH, TTR, UCN, VEGFA, VGF, WFS1, FGF17, PER3, PER2, SGCE, TIMELESS, CHRNA6, HSPB3, ARTN, TBX19, HTR3B, LGI1, NRXN1, HOMER1, NR1D1, CLOCK, CARTPT, ARHGEF10, HDAC9, MED12, HDAC6, HDAC5, DEAF1, CPLX2, CPLX1, STIP1, WWC1, CADM1, DKK4, PCLO, GAL, PEX5L, GHRL, SLCO1C1, SLC29A3, RNF123, ALG8, FTO, BICC1, DTNBP1, PPP1R1B, DIXDC1, ANKK1, MMAB, HCN1",0.00110664462800084,0.46564034022802,0.999951128759523,0.4692,1
C0752208,"Pseudodystonia",disease,Mental or Behavioral Dysfunction,6,"TOR1A, GNAL, ALDH5A1, PRKRA, KMT2B, THAP1",-0.00558582159403971,0.535732675095363,0.999951128759523,0.542,1
C0009171,"Cocaine Abuse",disease,Mental or Behavioral Dysfunction,98,"ADRA1A, RHOA, BCHE, BDNF, CALM1, CALM2, CAMK4, CAMK2A, CAMK2B, RUNX2, CCKBR, SCARB1, CES1, CHRM5, CHRNA4, CNR1, COMT, CREB1, CRH, CRHBP, DECR1, DRD1, DRD2, EGR1, FDFT1, FGF2, FOS, FOSB, GABBR1, GABRA2, GABRG2, GAD1, GAD2, GDNF, GRIA1, GRIA2, GRIN1, NR3C1, GRM5, HCRT, HCRTR1, HTR1A, HTR2A, HTR2C, ILK, JUND, SMAD1, SMAD3, SMAD5, MECP2, NPY, NPY2R, NRGN, NTRK2, NR4A2, OPRK1, OPRM1, PDYN, PITX3, PLP1, POMC, MAPK1, MAPK3, SLC1A2, SLC6A3, SMARCA4, SNCA, TYK2, RECK, CES2, RPS6KA5, HOMER2, HOMER1, CARTPT, HDAC4, HDAC5, GPHN, SIGMAR1, EHMT2, ARC, APOL2, GPSM1, AGO2, KLHL5, GHRL, PRMT6, TENM3, SMURF1, LRRC7, SYT13, GCC1, ICE2, MANEA, SRCIN1, COL21A1, ANKK1, ATP9B, CCSER1",-0.00499013967838923,0.581079166982877,0.999951128759523,0.5824,1
C0236736,"Cocaine-Related Disorders",group,Mental or Behavioral Dysfunction,88,"RHOA, BCHE, BDNF, CALM1, CALM2, CAMK4, CAMK2A, CAMK2B, RUNX2, CCKBR, SCARB1, CES1, CHRM5, CNR1, COMT, CREB1, CRH, CRHBP, DRD1, DRD2, EGR1, FDFT1, FGF2, FOS, FOSB, GABBR1, GABRA2, GABRG2, GAD1, GAD2, GDNF, GRIA1, GRIA2, GRIN1, NR3C1, GRM5, HCRT, HCRTR1, HTR1A, HTR2A, ILK, JUND, SMAD1, SMAD3, SMAD5, MECP2, NPY, NPY2R, NTRK2, OPRK1, OPRM1, PDYN, POMC, MAPK1, MAPK3, SLC1A2, SLC6A3, SMARCA4, SNCA, TYK2, CES2, RPS6KA5, HOMER2, HOMER1, CARTPT, HDAC4, HDAC5, GPHN, SIGMAR1, EHMT2, ARC, APOL2, GPSM1, AGO2, KLHL5, GHRL, PRMT6, TENM3, SMURF1, LRRC7, SYT13, GCC1, ICE2, MANEA, SRCIN1, COL21A1, ATP9B, CCSER1",-0.00586229343660218,0.58632037765946,0.999951128759523,0.586,1
C0751072,"Frontotemporal Lobar Degeneration",disease,Mental or Behavioral Dysfunction,7,"GRN, SIGMAR1, TARDBP, CHMP2B, TBK1, TMEM106B, C9orf72",-0.019838023295957,0.673653158245373,0.999951128759523,0.6756,1
C0003469,"Anxiety Disorders",group,Mental or Behavioral Dysfunction,32,"APP, CACNA1C, CHRNB2, CNR1, CRH, DNMT1, DRD2, FMR1, FOS, GABRA2, GLO1, GNB1, GRM8, HTR7, MAPT, MDK, MECP2, MIF, NPY, NPY1R, OXT, PAM, SERPINA1, SLC6A3, TG, TNF, UCN, CARTPT, MAGI2, RAI1, SHANK1, DIXDC1",-0.0134675678643176,0.689386951609642,0.999951128759523,0.683,1
C0376280,"Anxiety States, Neurotic",disease,Mental or Behavioral Dysfunction,32,"APP, CACNA1C, CHRNB2, CNR1, CRH, DNMT1, DRD2, FMR1, FOS, GABRA2, GLO1, GNB1, GRM8, HTR7, MAPT, MDK, MECP2, MIF, NPY, NPY1R, OXT, PAM, SERPINA1, SLC6A3, TG, TNF, UCN, CARTPT, MAGI2, RAI1, SHANK1, DIXDC1",-0.0134675678643176,0.689386951609642,0.999951128759523,0.683,1
C1279420,"Anxiety neurosis (finding)",disease,Mental or Behavioral Dysfunction,32,"APP, CACNA1C, CHRNB2, CNR1, CRH, DNMT1, DRD2, FMR1, FOS, GABRA2, GLO1, GNB1, GRM8, HTR7, MAPT, MDK, MECP2, MIF, NPY, NPY1R, OXT, PAM, SERPINA1, SLC6A3, TG, TNF, UCN, CARTPT, MAGI2, RAI1, SHANK1, DIXDC1",-0.0134675678643176,0.689386951609642,0.999951128759523,0.683,1
C0026552,"Morphine Dependence",disease,Mental or Behavioral Dysfunction,7,"CREB1, GRIA1, GRIN2A, MMP9, NOS1, OPRL1, OPRM1",-0.0219022648192836,0.736576023133613,0.999951128759523,0.732,1
C0600272,"Morphine Abuse",disease,Mental or Behavioral Dysfunction,7,"CREB1, GRIA1, GRIN2A, MMP9, NOS1, OPRL1, OPRM1",-0.0219022648192836,0.736576023133613,0.999951128759523,0.732,1
C0338630,"Senile Paranoid Dementia",disease,Mental or Behavioral Dysfunction,7,"APP, DNMT1, GRN, MAPT, SLC6A3, SLC9A8, TREM2",-0.0265921638883407,0.790870375179139,0.999951128759523,0.7856,1
C0751071,"Familial Dementia",disease,Mental or Behavioral Dysfunction,7,"APP, DNMT1, GRN, MAPT, SLC6A3, SLC9A8, TREM2",-0.0265921638883407,0.790870375179139,0.999951128759523,0.7856,1
C0856975,"Autistic behavior",disease,Mental or Behavioral Dysfunction,7,"AP2M1, POU3F3, VAMP2, MED13, CUX2, ZNF462, TRPM3",-0.0377372084751046,0.834632968055994,0.999951128759523,0.832,1
C0349204,"Nonorganic psychosis",disease,Mental or Behavioral Dysfunction,55,"ANK3, CACNA1C, CALR, CD34, CYP2B6, DLX1, FGFR2, FKBP5, FTL, GNA12, GRIK4, GSTP1, HDAC2, HTR5A, KCNH2, ME2, MEF2A, GADD45B, NQO2, NPAS1, NPY1R, OPRM1, PCNT, PPP3CC, PRKCA, PTPRC, SAT1, ST3GAL1, SP1, TBX1, TCF4, TRPM2, PLA2G6, GPR52, PICK1, MED12, OLIG2, PDE10A, WWC1, TENM4, SLC39A3, SHANK1, DGCR8, GNB1L, NDE1, SOBP, PBRM1, ST6GALNAC1, PAK5, NPAS3, ZSCAN31, TET1, KCNH6, NDEL1, C9orf72",-0.0198744033097447,0.840582186253683,0.999951128759523,0.8352,1
C0001973,"Alcoholic Intoxication, Chronic",disease,Mental or Behavioral Dysfunction,204,"ADCY5, ADCY7, ADH1C, ADH5, ADRA2A, ALDH1A1, ALDH2, ALK, APOE, AR, ARSA, ASTN1, BDNF, CAMK2A, CAT, CCK, CDH8, CDH9, CDH10, CDH11, CDH12, CDH13, CDH18, AKR1C4, CHRM2, CHRNA3, CHRNA4, CNR1, CNR2, COMT, CREB1, CRH, CRHBP, CTNNA2, CYP2A13, CYP2B6, CYP2E1, ACE, DPYSL2, DRD1, DRD2, DRD4, ECHS1, EGFR, SLC29A1, EP300, EPHA8, EPHX1, PTK2B, FKBP5, FOLR1, FYN, GABBR1, GABRA1, GABRA2, GABRA5, GABRB1, GABRB2, GABRB3, GABRG1, GABRG2, GABRG3, GAD1, GAP43, GAPDH, GFAP, GGT1, GH1, GHSR, GLUL, GRIK1, GRIK3, GRIN1, GRIN2A, GRIN2B, GRM1, GRM2, GRM3, GRM7, GRM8, HDAC2, HMGB1, HNMT, HTR1A, HTR2A, HTR2C, HTR7, IL1B, KCNJ6, KPNA3, LHB, MAOA, MAOB, MBP, MMP9, MOBP, MOG, MTHFR, NAP1L4, NCAM1, NFKB1, NQO2, NPY, NPY2R, NPY5R, NRDC, NTRK2, NTSR1, NR4A2, OPRK1, OPRL1, OPRM1, SLC22A18, OXT, PDE4B, PDYN, PIK3R1, POMC, RASGRF2, RFC1, RFX4, RGS4, SAT1, SLC1A2, SLC6A1, SLC6A3, SLC18A2, SNCA, SNRNP70, SRD5A1, TAC1, TF, TH, TKT, TRH, PHLDA2, VWF, XRCC5, PTP4A1, LRP8, KLF11, GALR3, AKR1C3, MPDZ, GGH, PER3, SGCE, SEMA5A, TBX19, HTR3B, NRXN3, BAG3, CLOCK, CARTPT, ST18, HERPUD1, GPHN, SIGMAR1, AKR1A1, RACK1, TESK2, C1D, PDE10A, LILRA1, ZCCHC14, KANK1, ARC, PHF3, CDK20, TIPARP, CNTNAP2, SLC17A5, AGO1, AGO2, CNTN6, SLCO3A1, TAGLN3, GEMIN4, GAL, PCDH12, SPG21, CYTL1, TTC12, UBAP2, SDHAF3, DSCAML1, NLGN4X, PCDH10, HAMP, PKNOX2, ANAPC1, FTO, NKAIN1, PPP1R1B, SGIP1, STON2, CASC4, SLC46A1, OSBPL5, CNTN4, NKAIN2, ANKK1, ZNF699, THEMIS",-0.0217697939165576,0.846903236098266,0.999951128759523,0.8412,1
C0011574,"Involutional Depression",disease,Mental or Behavioral Dysfunction,18,"CACNA1C, CAT, EDN1, FKBP5, IFI6, GAD1, GAD2, GALR1, NR4A1, HTR2A, RELN, SOD2, TAC1, GALR3, ISG15, IFI44L, GAL, FREM3",-0.0329322062130435,0.8493659507045,0.999951128759523,0.85,1
C1571983,"Involutional paraphrenia",disease,Mental or Behavioral Dysfunction,18,"CACNA1C, CAT, EDN1, FKBP5, IFI6, GAD1, GAD2, GALR1, NR4A1, HTR2A, RELN, SOD2, TAC1, GALR3, ISG15, IFI44L, GAL, FREM3",-0.0329322062130435,0.8493659507045,0.999951128759523,0.85,1
C1571984,"Psychosis, Involutional",disease,Mental or Behavioral Dysfunction,18,"CACNA1C, CAT, EDN1, FKBP5, IFI6, GAD1, GAD2, GALR1, NR4A1, HTR2A, RELN, SOD2, TAC1, GALR3, ISG15, IFI44L, GAL, FREM3",-0.0329322062130435,0.8493659507045,0.999951128759523,0.85,1
C0338715,"Drug-induced depressive state",disease,Mental or Behavioral Dysfunction,6,"AQP4, BDNF, MAPK14, HCRT, IFNAR1, GAL",-0.0549476511658939,0.858014344637084,0.999951128759523,0.8522,1
C0011573,"Endogenous depression",disease,Mental or Behavioral Dysfunction,36,"ALB, APP, BDNF, CNR2, CREBBP, CRH, ACSL4, FGF2, FGFR1, FTH1, FTL, GLO1, GNAS, GNB1, NR3C1, GSK3A, GSK3B, HTR7, KCNK2, MIF, MTHFR, NOS1, NPY, NPY1R, PDCD2, POMC, RELN, PTGS2, S100A10, SNAP25, SOD1, TG, PDCD6, CADM1, GHRL, DIXDC1",-0.0386891368106736,0.870439161998179,0.999951128759523,0.8652,1
C0025261,"Memory Disorders",disease,Mental or Behavioral Dysfunction,37,"ACHE, APP, AVP, BCL2, CHD1, CHRM1, CHRNA7, COMT, DRD2, GABRA5, GRPR, HTR1A, HTR7, IL1B, LNPEP, MAPT, MDK, MIF, NQO2, NPY, PRKN, PNOC, PSEN1, REL, SLC6A3, STAT3, SYP, VEGFA, AKAP5, MAGI2, SIGMAR1, HRH3, GIT1, CALY, SPHK2, SLC17A7, SLC17A6",-0.036669775409867,0.871743570575356,0.999951128759523,0.8696,1
C0233794,"Memory impairment",phenotype,Mental or Behavioral Dysfunction,37,"ACHE, APP, AVP, BCL2, CHD1, CHRM1, CHRNA7, COMT, DRD2, GABRA5, GRPR, HTR1A, HTR7, IL1B, LNPEP, MAPT, MDK, MIF, NQO2, NPY, PRKN, PNOC, PSEN1, REL, SLC6A3, STAT3, SYP, VEGFA, AKAP5, MAGI2, SIGMAR1, HRH3, GIT1, CALY, SPHK2, SLC17A7, SLC17A6",-0.036669775409867,0.871743570575356,0.999951128759523,0.8696,1
C0751292,"Age-Related Memory Disorders",group,Mental or Behavioral Dysfunction,37,"ACHE, APP, AVP, BCL2, CHD1, CHRM1, CHRNA7, COMT, DRD2, GABRA5, GRPR, HTR1A, HTR7, IL1B, LNPEP, MAPT, MDK, MIF, NQO2, NPY, PRKN, PNOC, PSEN1, REL, SLC6A3, STAT3, SYP, VEGFA, AKAP5, MAGI2, SIGMAR1, HRH3, GIT1, CALY, SPHK2, SLC17A7, SLC17A6",-0.036669775409867,0.871743570575356,0.999951128759523,0.8696,1
C0751293,"Memory Disorder, Semantic",phenotype,Mental or Behavioral Dysfunction,37,"ACHE, APP, AVP, BCL2, CHD1, CHRM1, CHRNA7, COMT, DRD2, GABRA5, GRPR, HTR1A, HTR7, IL1B, LNPEP, MAPT, MDK, MIF, NQO2, NPY, PRKN, PNOC, PSEN1, REL, SLC6A3, STAT3, SYP, VEGFA, AKAP5, MAGI2, SIGMAR1, HRH3, GIT1, CALY, SPHK2, SLC17A7, SLC17A6",-0.036669775409867,0.871743570575356,0.999951128759523,0.8696,1
C0751294,"Memory Disorder, Spatial",phenotype,Mental or Behavioral Dysfunction,37,"ACHE, APP, AVP, BCL2, CHD1, CHRM1, CHRNA7, COMT, DRD2, GABRA5, GRPR, HTR1A, HTR7, IL1B, LNPEP, MAPT, MDK, MIF, NQO2, NPY, PRKN, PNOC, PSEN1, REL, SLC6A3, STAT3, SYP, VEGFA, AKAP5, MAGI2, SIGMAR1, HRH3, GIT1, CALY, SPHK2, SLC17A7, SLC17A6",-0.036669775409867,0.871743570575356,0.999951128759523,0.8696,1
C1269683,"Major Depressive Disorder",disease,Mental or Behavioral Dysfunction,185,"ACP1, ADCY5, ADCY7, ADRA1A, APAF1, APRT, ARRB1, ARSA, ATP7B, AVP, CCND1, BCL9, BCR, BDKRB2, BDNF, BMP7, CACNA1C, CAMK2A, CAT, CD34, CDH7, CDKN2A, CNP, CNR1, COMT, CREB1, CRH, CRHBP, CTNND2, CUX1, ACE, DDC, DLG2, DLG3, DLG4, DRD2, DRD4, EDN1, EGFR, EIF4B, EMP1, ERBB3, FGFR1, FKBP4, FKBP5, FMR1, MTOR, IFI6, GAD1, GAD2, GALR1, GDNF, GFAP, GJA1, GNB3, GRIA2, GRIK4, NR3C1, GRM5, GRM7, GSK3B, HIF1A, HLF, NR4A1, HSPA1A, HSPA1L, HSP90AA1, HTR1A, HTR2A, HTR2C, IL1B, IL11, IRF7, KDR, KPNA3, LDHA, LRP1, LSAMP, M6PR, MAOA, MAOB, MAP2, MDM4, NR3C2, MTHFR, NCAM1, NDUFV1, NDUFV2, NELL1, NEFL, NPY, NTRK2, NTRK3, NR4A2, OXT, OXTR, PAWR, PCNT, PDYN, PFKFB3, ABCB1, PLG, PRKCB, MAP2K1, RELN, PSMB4, PTGS2, PTPRR, PTX3, REST, S100A10, S100B, SAT1, CCL2, CCL24, SGK1, SLC1A6, SLC6A13, SLIT3, SOD2, SOX9, SST, VAMP2, TAC1, TEF, TERT, TFCP2, TH, TNF, TYK2, VEGFA, ZBTB16, LRP8, REEP5, GALR3, KMO, PEA15, KALRN, ARTN, HTR3B, QKI, HOMER1, GABBR2, CLOCK, SEC24C, ISG15, EDEM1, RAPGEF5, MED12, HDAC5, RNF41, AKAP8, TOMM40, DEAF1, PDLIM5, IFI44L, MYT1L, PLCB1, CNTNAP2, FOXD3, PCLO, EHD3, NTM, PDE11A, GAL, GMIP, GDE1, SRRT, DDIT4, CC2D1A, SLC6A15, GLT8D1, KYAT3, SLC17A6, NPAS3, LHPP, USP46, PINK1, RAPH1, DTNBP1, FOXP2, ACSM1, PRIMA1, FREM3, CMYA5",-0.0225546662441712,0.887715480959607,0.999951128759523,0.8802,1
C0233477,"Dysphoric mood",disease,Mental or Behavioral Dysfunction,5,"COMT, MAPK14, DRD4, OPRM1, PDYN",-0.082625478110791,0.890759915642141,0.999951128759523,0.8916,1
C0033941,"Psychoses, Substance-Induced",disease,Mental or Behavioral Dysfunction,15,"AKT1, CAMK2B, ACE, ESR1, GRM2, GSTP1, HTR1A, NPY1R, OPRM1, PHB, SLC6A3, SNCA, SOD2, RGS9, PICK1",-0.0421844579255957,0.892456184332046,0.999951128759523,0.8854,1
C0028043,"Nicotine Dependence",disease,Mental or Behavioral Dysfunction,9,"AHR, BDNF, CHRNA3, CHRNA7, DRD2, LCP1, PLEKHG1, RPTOR, LYSMD3",-0.0489935184284786,0.894597346721237,0.999951128759523,0.893,1
C0040332,"Tobacco Dependence",disease,Mental or Behavioral Dysfunction,9,"AHR, BDNF, CHRNA3, CHRNA7, DRD2, LCP1, PLEKHG1, RPTOR, LYSMD3",-0.0489935184284786,0.894597346721237,0.999951128759523,0.893,1
C0376384,"Nicotine Use Disorder",phenotype,Mental or Behavioral Dysfunction,9,"AHR, BDNF, CHRNA3, CHRNA7, DRD2, LCP1, PLEKHG1, RPTOR, LYSMD3",-0.0489935184284786,0.894597346721237,0.999951128759523,0.893,1
C0494410,"Nonorganic Sleep Wake Cycle Disorders",disease,Mental or Behavioral Dysfunction,5,"AANAT, CRY1, NFIL3, RORC, BHLHE40",-0.0775428282489978,0.904223399323123,0.999951128759523,0.9034,1
C0751759,"Non-24 Hour Sleep-Wake Disorder",disease,Mental or Behavioral Dysfunction,5,"AANAT, CRY1, NFIL3, RORC, BHLHE40",-0.0775428282489978,0.904223399323123,0.999951128759523,0.9034,1
C0751760,"Shift-Work Sleep Disorder",disease,Mental or Behavioral Dysfunction,5,"AANAT, CRY1, NFIL3, RORC, BHLHE40",-0.0775428282489978,0.904223399323123,0.999951128759523,0.9034,1
C0338656,"Impaired cognition",disease,Mental or Behavioral Dysfunction,11,"BIN1, APP, CACNA1C, CLU, COL4A1, HTRA1, NECTIN2, SORL1, PICALM, EIF2B5, FA2H",-0.0473578494632384,0.909650139471496,0.999951128759523,0.908,1
C0041696,"Unipolar Depression",disease,Mental or Behavioral Dysfunction,196,"ACP1, ADCY5, ADCY7, ADRA1A, ALB, APAF1, APRT, ARRB1, ARSA, ATP7B, AVP, CCND1, BCL9, BCR, BDKRB2, BDNF, BMP7, CACNA1C, CAMK2A, CAT, CD34, CDH7, CDKN2A, CNP, CNR1, CNR2, COMT, CREB1, CRH, CRHBP, CTNND2, CUX1, ACE, DDC, DLG2, DLG3, DLG4, DRD2, DRD4, EGFR, EIF4B, EMP1, ERBB3, ACSL4, FGF2, FGFR1, FKBP4, FKBP5, FMR1, MTOR, FTH1, FTL, GAD1, GDNF, GFAP, GJA1, GLO1, GNB1, GNB3, GRIA2, GRIK4, NR3C1, GRM1, GRM5, GRM7, GSK3A, GSK3B, HIF1A, HLF, HSPA1A, HSPA1L, HSP90AA1, HTR1A, HTR2A, HTR2C, HTR7, IL1B, IL11, IRF7, KCNK2, KDR, KPNA3, LDHA, LRP1, LSAMP, M6PR, MAOA, MAOB, MAP2, MDM4, MIF, NR3C2, MTHFR, NCAM1, NDUFV1, NDUFV2, NELL1, NEFL, NOS1, NPY, NPY1R, NTRK2, NTRK3, NR4A2, OXT, OXTR, PAWR, PCNT, PDYN, PFKFB3, ABCB1, PLG, POMC, PRKCB, MAP2K1, RELN, PSMB4, PTGS2, PTPRR, PTX3, S100A10, S100B, SAT1, CCL2, CCL24, SGK1, SLC1A6, SLC6A13, SLIT3, SNAP25, SOD1, SOX9, SST, VAMP2, TEF, TERT, TFCP2, TG, TH, TNF, TRH, TYK2, ZBTB16, LRP8, REEP5, KMO, PEA15, KALRN, ARTN, HTR3B, QKI, HOMER1, GABBR2, CLOCK, SEC24C, EDEM1, HDAC9, RAPGEF5, MED12, HDAC5, RNF41, AKAP8, TOMM40, DEAF1, PDLIM5, MYT1L, PLCB1, CADM1, CNTNAP2, FOXD3, PCLO, EHD3, NTM, PDE11A, GMIP, GDE1, SRRT, GHRL, DDIT4, CC2D1A, SLC6A15, GLT8D1, KYAT3, SLC17A6, NPAS3, LHPP, PINK1, RAPH1, DTNBP1, DIXDC1, FOXP2, ACSM1, PRIMA1, DGKH, FREM3, CMYA5",-0.0320380164058775,0.928756593589792,0.999951128759523,0.9286,1
C0041671,"Attention Deficit Disorder",disease,Mental or Behavioral Dysfunction,18,"STS, CHRNA4, CHRNB2, CNR1, COMT, DRD2, DRD4, FGD1, GRM1, GRM5, GRM7, GRM8, PTPRD, SLC6A3, CIC, ADGRL3, GIT1, CALY",-0.0560579999050999,0.938730739799959,0.999951128759523,0.9376,1
C1321905,"Minimal Brain Dysfunction",disease,Mental or Behavioral Dysfunction,18,"STS, CHRNA4, CHRNB2, CNR1, COMT, DRD2, DRD4, FGD1, GRM1, GRM5, GRM7, GRM8, PTPRD, SLC6A3, CIC, ADGRL3, GIT1, CALY",-0.0560579999050999,0.938730739799959,0.999951128759523,0.9376,1
C0024517,"Major depression, single episode",disease,Mental or Behavioral Dysfunction,7,"DRD2, HSPA1A, HSPA1L, HTR1A, HTR2A, S100A10, KYAT3",-0.0691459762142742,0.943524646292036,0.999951128759523,0.946,1
C0234985,"Mental deterioration",phenotype,Mental or Behavioral Dysfunction,7,"BIN1, APP, CACNA1C, CLU, NECTIN2, SORL1, PICALM",-0.0539724244803826,0.946824185311545,0.999951128759523,0.9474,1
C1270972,"Mild cognitive disorder",disease,Mental or Behavioral Dysfunction,7,"BIN1, APP, CACNA1C, CLU, NECTIN2, SORL1, PICALM",-0.0539724244803826,0.946824185311545,0.999951128759523,0.9474,1
C0001956,"Alcohol Use Disorder",disease,Mental or Behavioral Dysfunction,31,"ADH1C, ALDH2, CHRNA3, COMT, CYP2E1, ERCC1, GABBR1, GABRA2, GABRG2, GGT1, GHSR, HTR2A, HTR4, LHB, MCM5, NPY, NPY2R, OPRM1, PDE4B, PDYN, PPM1G, SAT1, SNCA, TF, VWF, TBX19, BAG3, ST18, GPHN, CDK20, TAS2R13",-0.0572148249374664,0.966691584118262,0.999951128759523,0.9668,1
C0024809,"Marijuana Abuse",disease,Mental or Behavioral Dysfunction,28,"AKT1, CALM1, CALM2, CAMK2B, SCARB1, CHRM5, CNR1, CNR2, COMT, MAPK14, DRD2, DRD4, EGFR, ESR1, FAAH, FDFT1, HCRT, NRG1, IL1B, NCAM1, PDYN, PENK, ABCB1, PTGS2, APOL2, RGS17, GAL, GCC1",-0.042633752902494,0.975716970320595,0.999951128759523,0.9736,1
C0025193,"Melancholia",disease,Mental or Behavioral Dysfunction,31,"ALB, BDNF, CNR2, CRH, ACSL4, FGF2, FGFR1, FTH1, FTL, GLO1, GNB1, NR3C1, GSK3A, GSK3B, HTR7, KCNK2, MIF, MTHFR, NOS1, NPY, NPY1R, POMC, RELN, PTGS2, S100A10, SNAP25, SOD1, TG, CADM1, GHRL, DIXDC1",-0.0820337707406058,0.976875091280135,0.999951128759523,0.9768,1
C0282126,"Depression, Neurotic",disease,Mental or Behavioral Dysfunction,31,"ALB, BDNF, CNR2, CRH, ACSL4, FGF2, FGFR1, FTH1, FTL, GLO1, GNB1, NR3C1, GSK3A, GSK3B, HTR7, KCNK2, MIF, MTHFR, NOS1, NPY, NPY1R, POMC, RELN, PTGS2, S100A10, SNAP25, SOD1, TG, CADM1, GHRL, DIXDC1",-0.0820337707406058,0.976875091280135,0.999951128759523,0.9768,1
C0033937,"Psychoses, Drug",disease,Mental or Behavioral Dysfunction,19,"AKT1, CALR, CAMK2B, ACE, ESR1, GCLM, GRM2, GSTP1, HTR1A, NPY1R, OPRM1, PHB, SLC6A3, SNCA, SOD2, RGS9, PICK1, HPGDS, DTNBP1",-0.0756354642803671,0.978936967196672,0.999951128759523,0.9838,1
C0086133,"Depressive Syndrome",disease,Mental or Behavioral Dysfunction,32,"ALB, BDNF, CNR2, COMT, CRH, ACSL4, FGF2, FGFR1, FTH1, FTL, GLO1, GNB1, NR3C1, GSK3A, GSK3B, HTR7, KCNK2, MIF, MTHFR, NOS1, NPY, NPY1R, POMC, RELN, PTGS2, S100A10, SNAP25, SOD1, TG, CADM1, GHRL, DIXDC1",-0.0947052434609955,0.986789542673437,0.999951128759523,0.9868,1
C0344315,"Depressed mood",phenotype,Mental or Behavioral Dysfunction,9,"AVP, CALCA, CHRNA4, ACE, MYD88, PTX3, S100A10, TYK2, TRIM69",-0.115458547040491,0.987329874989761,0.999951128759523,0.9876,1
C1263846,"Attention deficit hyperactivity disorder",disease,Mental or Behavioral Dysfunction,20,"STS, CHRNA4, CHRNB2, CNR1, COMT, DRD2, DRD4, FGD1, GRM1, GRM5, GRM7, GRM8, PTPRD, SLC6A3, MED13, ZNF292, CIC, ADGRL3, GIT1, CALY",-0.0795992433333013,0.989469936339825,0.999951128759523,0.991,1
C0007370,"Catalepsy",disease,Mental or Behavioral Dysfunction,12,"ADORA1, AGT, CALCA, CCK, CNR1, DRD1, DRD2, FYN, POMC, TH, TRH, PPP1R1B",-0.117359026182089,0.993053965711564,0.999951128759523,0.995,1
C0002622,"Amnesia",disease,Mental or Behavioral Dysfunction,12,"APP, AVP, GNAI1, GNAI3, GRP, PDYN, POMC, PREP, TAC1, TRH, SIGMAR1, HRH3",-0.0996145440455125,0.993438605294732,0.999951128759523,0.9926,1
C0233750,"Hysterical amnesia",phenotype,Mental or Behavioral Dysfunction,12,"APP, AVP, GNAI1, GNAI3, GRP, PDYN, POMC, PREP, TAC1, TRH, SIGMAR1, HRH3",-0.0996145440455125,0.993438605294732,0.999951128759523,0.9926,1
C0233796,"Temporary Amnesia",phenotype,Mental or Behavioral Dysfunction,12,"APP, AVP, GNAI1, GNAI3, GRP, PDYN, POMC, PREP, TAC1, TRH, SIGMAR1, HRH3",-0.0996145440455125,0.993438605294732,0.999951128759523,0.9926,1
C0236795,"Dissociative Amnesia",phenotype,Mental or Behavioral Dysfunction,12,"APP, AVP, GNAI1, GNAI3, GRP, PDYN, POMC, PREP, TAC1, TRH, SIGMAR1, HRH3",-0.0996145440455125,0.993438605294732,0.999951128759523,0.9926,1
C0262497,"Global Amnesia",phenotype,Mental or Behavioral Dysfunction,12,"APP, AVP, GNAI1, GNAI3, GRP, PDYN, POMC, PREP, TAC1, TRH, SIGMAR1, HRH3",-0.0996145440455125,0.993438605294732,0.999951128759523,0.9926,1
C0750906,"Tactile Amnesia",phenotype,Mental or Behavioral Dysfunction,12,"APP, AVP, GNAI1, GNAI3, GRP, PDYN, POMC, PREP, TAC1, TRH, SIGMAR1, HRH3",-0.0996145440455125,0.993438605294732,0.999951128759523,0.9926,1
C0750907,"Amnestic State",phenotype,Mental or Behavioral Dysfunction,12,"APP, AVP, GNAI1, GNAI3, GRP, PDYN, POMC, PREP, TAC1, TRH, SIGMAR1, HRH3",-0.0996145440455125,0.993438605294732,0.999951128759523,0.9926,1
C0497327,"Dementia",disease,Mental or Behavioral Dysfunction,15,"APP, COL4A1, CSF1R, CST3, DNMT1, FUS, GRN, MAPT, PRNP, HTRA1, PSEN2, SLC6A3, TYROBP, SLC9A8, TREM2",-0.116609365818047,0.994117292424161,0.999951128759523,0.9948,1
C0036349,"Paranoid Schizophrenia",disease,Mental or Behavioral Dysfunction,6,"ALDH3B1, CALR, DPYSL2, HSPA1A, NTRK2, YWHAZ",-0.160890384718247,0.995073487832079,0.999951128759523,0.9958,1
C2362914,"clinical depression",disease,Mental or Behavioral Dysfunction,5,"FKBP5, MAOA, NPY, PRNP, ATXN1",-0.098671707166412,0.995155983402809,0.999951128759523,0.996,1
C0011265,"Presenile dementia",disease,Mental or Behavioral Dysfunction,77,"A2M, ACHE, ADAM10, AMFR, BIN1, APOC1, APOE, APP, ATP5F1A, BAX, BCHE, BCL2, BDNF, CALM1, CASP3, CD33, CHRNA7, CHRNB2, CLU, TPP1, CRH, CST3, ACE, DHCR24, DPYSL2, EIF2S1, ENO1, EPHA1, ESR1, GSK3B, HMOX1, IDE, IGF1, IGF1R, IGF2R, IL1B, INPP5D, INSR, MAOB, MAPT, MTHFR, NOS3, NPY, PLAU, PLCG2, PPARG, PRNP, RELN, PSEN1, PSEN2, PYY, NECTIN2, SOD2, TF, TFAM, TNF, TPI1, VEGFA, VSNL1, SLC30A4, PICALM, ADAMTS1, ABCA7, TOMM40, PGRMC1, CYP46A1, ARC, NCSTN, CD2AP, BACE1, GAPDHS, PCDH11X, ABI3, MS4A4A, WWOX, TREM2, IQCK",-0.0688170368560515,0.995461356506007,0.999951128759523,0.9966,1
C0494463,"Alzheimer Disease, Late Onset",disease,Mental or Behavioral Dysfunction,77,"A2M, ACHE, ADAM10, AMFR, BIN1, APOC1, APOE, APP, ATP5F1A, BAX, BCHE, BCL2, BDNF, CALM1, CASP3, CD33, CHRNA7, CHRNB2, CLU, TPP1, CRH, CST3, ACE, DHCR24, DPYSL2, EIF2S1, ENO1, EPHA1, ESR1, GSK3B, HMOX1, IDE, IGF1, IGF1R, IGF2R, IL1B, INPP5D, INSR, MAOB, MAPT, MTHFR, NOS3, NPY, PLAU, PLCG2, PPARG, PRNP, RELN, PSEN1, PSEN2, PYY, NECTIN2, SOD2, TF, TFAM, TNF, TPI1, VEGFA, VSNL1, SLC30A4, PICALM, ADAMTS1, ABCA7, TOMM40, PGRMC1, CYP46A1, ARC, NCSTN, CD2AP, BACE1, GAPDHS, PCDH11X, ABI3, MS4A4A, WWOX, TREM2, IQCK",-0.0688170368560515,0.995461356506007,0.999951128759523,0.9966,1
C0546126,"Acute Confusional Senile Dementia",disease,Mental or Behavioral Dysfunction,77,"A2M, ACHE, ADAM10, AMFR, BIN1, APOC1, APOE, APP, ATP5F1A, BAX, BCHE, BCL2, BDNF, CALM1, CASP3, CD33, CHRNA7, CHRNB2, CLU, TPP1, CRH, CST3, ACE, DHCR24, DPYSL2, EIF2S1, ENO1, EPHA1, ESR1, GSK3B, HMOX1, IDE, IGF1, IGF1R, IGF2R, IL1B, INPP5D, INSR, MAOB, MAPT, MTHFR, NOS3, NPY, PLAU, PLCG2, PPARG, PRNP, RELN, PSEN1, PSEN2, PYY, NECTIN2, SOD2, TF, TFAM, TNF, TPI1, VEGFA, VSNL1, SLC30A4, PICALM, ADAMTS1, ABCA7, TOMM40, PGRMC1, CYP46A1, ARC, NCSTN, CD2AP, BACE1, GAPDHS, PCDH11X, ABI3, MS4A4A, WWOX, TREM2, IQCK",-0.0688170368560515,0.995461356506007,0.999951128759523,0.9966,1
C0750900,"Alzheimer's Disease, Focal Onset",disease,Mental or Behavioral Dysfunction,77,"A2M, ACHE, ADAM10, AMFR, BIN1, APOC1, APOE, APP, ATP5F1A, BAX, BCHE, BCL2, BDNF, CALM1, CASP3, CD33, CHRNA7, CHRNB2, CLU, TPP1, CRH, CST3, ACE, DHCR24, DPYSL2, EIF2S1, ENO1, EPHA1, ESR1, GSK3B, HMOX1, IDE, IGF1, IGF1R, IGF2R, IL1B, INPP5D, INSR, MAOB, MAPT, MTHFR, NOS3, NPY, PLAU, PLCG2, PPARG, PRNP, RELN, PSEN1, PSEN2, PYY, NECTIN2, SOD2, TF, TFAM, TNF, TPI1, VEGFA, VSNL1, SLC30A4, PICALM, ADAMTS1, ABCA7, TOMM40, PGRMC1, CYP46A1, ARC, NCSTN, CD2AP, BACE1, GAPDHS, PCDH11X, ABI3, MS4A4A, WWOX, TREM2, IQCK",-0.0688170368560515,0.995461356506007,0.999951128759523,0.9966,1
C0023186,"Learning Disorders",group,Mental or Behavioral Dysfunction,27,"ACHE, APOD, APP, BCL2, GRIA1, HMOX1, HTR1A, HTR7, IL1B, MAPT, MECP2, NF1, PRKN, PDE1B, PNOC, POR, PSEN1, SYP, TH, TLR4, TRH, VEGFA, SIGMAR1, MICU1, SLC17A7, SLC17A6, CAMKMT",-0.0877519683522606,0.996654964852906,0.999951128759523,0.9982,1
C0751262,"Adult Learning Disorders",group,Mental or Behavioral Dysfunction,27,"ACHE, APOD, APP, BCL2, GRIA1, HMOX1, HTR1A, HTR7, IL1B, MAPT, MECP2, NF1, PRKN, PDE1B, PNOC, POR, PSEN1, SYP, TH, TLR4, TRH, VEGFA, SIGMAR1, MICU1, SLC17A7, SLC17A6, CAMKMT",-0.0877519683522606,0.996654964852906,0.999951128759523,0.9982,1
C0751263,"Learning Disturbance",disease,Mental or Behavioral Dysfunction,27,"ACHE, APOD, APP, BCL2, GRIA1, HMOX1, HTR1A, HTR7, IL1B, MAPT, MECP2, NF1, PRKN, PDE1B, PNOC, POR, PSEN1, SYP, TH, TLR4, TRH, VEGFA, SIGMAR1, MICU1, SLC17A7, SLC17A6, CAMKMT",-0.0877519683522606,0.996654964852906,0.999951128759523,0.9982,1
C0751265,"Learning Disabilities",disease,Mental or Behavioral Dysfunction,27,"ACHE, APOD, APP, BCL2, GRIA1, HMOX1, HTR1A, HTR7, IL1B, MAPT, MECP2, NF1, PRKN, PDE1B, PNOC, POR, PSEN1, SYP, TH, TLR4, TRH, VEGFA, SIGMAR1, MICU1, SLC17A7, SLC17A6, CAMKMT",-0.0877519683522606,0.996654964852906,0.999951128759523,0.9982,1
C0011206,"Delirium",disease,Mental or Behavioral Dysfunction,6,"APOE, DRD2, IGF1, LIF, SLC6A3, TH",-0.164423227641843,0.996812875749314,0.999951128759523,0.998,1
C0338462,"Semantic Dementia",disease,Mental or Behavioral Dysfunction,7,"GRN, MAPT, PSEN1, CHMP2B, TREM2, TMEM106B, C9orf72",-0.146340719239347,0.996862513886479,0.999951128759523,0.9972,1
C3160814,"Cannabis use",disease,Mental or Behavioral Dysfunction,5,"CNR2, COMT, DRD4, GABRA2, ADGRL4",-0.160122401194759,0.997244607394823,0.999951128759523,0.9972,1
C0085762,"Alcohol abuse",disease,Mental or Behavioral Dysfunction,48,"ADH1C, ALDH1A1, ALDH2, APOE, BDNF, CHRNA3, CNR2, COMT, CRH, CYP2E1, DRD2, DRD4, EGFR, FN1, FYN, GABBR1, GABRA1, GABRA2, GABRG2, GGT1, GHSR, HTR1A, HTR2A, IGF1, LDLR, LHB, MAOA, NPY, NPY2R, NPY5R, OPRM1, PDE4B, PDYN, POMC, SLC6A3, SNCA, TF, TLR2, TLR4, GALR3, MPDZ, TBX19, GPHN, AKR1A1, SIRT1, CDK20, GAL, ARNTL2",-0.0851383415210167,0.997856975250415,0.999951128759523,0.999,1
C0221480,"Recurrent depression",disease,Mental or Behavioral Dysfunction,5,"DRD1, DRD2, TOR1A, S100B, TH",-0.153712634766167,0.998000552815914,0.999951128759523,0.9988,1
C1456784,"Paranoia",disease,Mental or Behavioral Dysfunction,6,"AKR1C4, SLC6A3, TCF4, TYK2, ICE2, MANEA",-0.167504583355991,0.998232429232008,0.999951128759523,0.9986,1
C0019337,"Heroin Dependence",disease,Mental or Behavioral Dysfunction,6,"BDNF, DRD2, GABRA2, OPRM1, POMC, RETN",-0.214194561345663,0.998559658976159,0.999951128759523,0.9988,1
C0600241,"heroin abuse",disease,Mental or Behavioral Dysfunction,6,"BDNF, DRD2, GABRA2, OPRM1, POMC, RETN",-0.214194561345663,0.998559658976159,0.999951128759523,0.9988,1
C4505390,"Heroin Smoking",disease,Mental or Behavioral Dysfunction,6,"BDNF, DRD2, GABRA2, OPRM1, POMC, RETN",-0.214194561345663,0.998559658976159,0.999951128759523,0.9988,1
C0178417,"Anhedonia",disease,Mental or Behavioral Dysfunction,17,"ANK3, ATP1A3, CACNA1C, CCR7, COMT, CRH, DRD2, GJA1, HTR1A, KCNK2, OPRK1, PITX3, MAPK1, SLC1A3, SLC6A3, SETDB1, SLC17A7",-0.168386914175609,0.999367396218021,0.999951128759523,0.9996,1
C0851578,"Sleep Disorders",group,Mental or Behavioral Dysfunction,7,"CHRNA4, CHRNB2, HTR7, IL1B, POMC, SLC6A3, BHLHE41",-0.194813863597864,0.999408246277259,0.999951128759523,0.9998,1
C4042891,"Sleep Wake Disorders",group,Mental or Behavioral Dysfunction,7,"CHRNA4, CHRNB2, HTR7, IL1B, POMC, SLC6A3, BHLHE41",-0.194813863597864,0.999408246277259,0.999951128759523,0.9998,1
C0751706,"Primary Progressive Nonfluent Aphasia",disease,Mental or Behavioral Dysfunction,8,"GRN, MAPT, PSEN1, VCP, CHMP2B, TREM2, TMEM106B, C9orf72",-0.17843532867716,0.999529280053925,0.999951128759523,0.9994,1
C0270458,"Severe major depression with psychotic features",disease,Mental or Behavioral Dysfunction,5,"HTR2A, MAOA, SLC6A3, SLC18A2, DTNBP1",-0.186459276363064,0.999733343991609,0.999951128759523,0.9996,1
C0221765,"Chronic schizophrenia",disease,Mental or Behavioral Dysfunction,7,"ASAH1, CHGB, ACE, HSPA9, SP1, IGF2BP2, MLC1",-0.19801431571778,0.9998803726148,0.999951128759523,1,1
C0004930,"Behavior Disorders",group,Mental or Behavioral Dysfunction,9,"COMT, DDC, MAOA, NOS1, ABCB1, POMC, XK, DGCR8, DTNBP1",-0.263251031159154,0.999951128759523,0.999951128759523,1,1
C0004936,"Mental disorders",group,Mental or Behavioral Dysfunction,9,"COMT, DDC, MAOA, NOS1, ABCB1, POMC, XK, DGCR8, DTNBP1",-0.263251031159154,0.999951128759523,0.999951128759523,1,1
C0376338,"Diagnosis, Psychiatric",disease,Mental or Behavioral Dysfunction,9,"COMT, DDC, MAOA, NOS1, ABCB1, POMC, XK, DGCR8, DTNBP1",-0.263251031159154,0.999951128759523,0.999951128759523,1,1
C4046029,"Mental Disorders, Severe",disease,Mental or Behavioral Dysfunction,9,"COMT, DDC, MAOA, NOS1, ABCB1, POMC, XK, DGCR8, DTNBP1",-0.263251031159154,0.999951128759523,0.999951128759523,1,1
