1,LH_Vis_1
2,LH_Vis_2
3,LH_Vis_3
4,LH_Vis_4
5,LH_Vis_5
6,LH_Vis_6
7,LH_Vis_7
8,LH_Vis_8
9,LH_Vis_9
10,LH_Vis_10
11,LH_Vis_11
12,LH_Vis_12
13,LH_Vis_13
14,LH_Vis_14
15,LH_SomMot_1
16,LH_SomMot_2
17,LH_SomMot_3
18,LH_SomMot_4
19,LH_SomMot_5
20,LH_SomMot_6
21,LH_SomMot_7
22,LH_SomMot_8
23,LH_SomMot_9
24,LH_SomMot_10
25,LH_SomMot_11
26,LH_SomMot_12
27,LH_SomMot_13
28,LH_SomMot_14
29,LH_SomMot_15
30,LH_SomMot_16
31,LH_DorsAttn_Post_1
32,LH_DorsAttn_Post_2
33,LH_DorsAttn_Post_3
34,LH_DorsAttn_Post_4
35,LH_DorsAttn_Post_5
36,LH_DorsAttn_Post_6
37,LH_DorsAttn_Post_7
38,LH_DorsAttn_Post_8
39,LH_DorsAttn_Post_9
40,LH_DorsAttn_Post_10
41,LH_DorsAttn_FEF_1
42,LH_DorsAttn_FEF_2
43,LH_DorsAttn_PrCv_1
44,LH_SalVentAttn_ParOper_1
45,LH_SalVentAttn_ParOper_2
46,LH_SalVentAttn_ParOper_3
47,LH_SalVentAttn_FrOperIns_1
48,LH_SalVentAttn_FrOperIns_2
49,LH_SalVentAttn_FrOperIns_3
50,LH_SalVentAttn_FrOperIns_4
51,LH_SalVentAttn_PFCl_1
52,LH_SalVentAttn_Med_1
53,LH_SalVentAttn_Med_2
54,LH_SalVentAttn_Med_3
55,LH_Limbic_OFC_1
56,LH_Limbic_OFC_2
57,LH_Limbic_TempPole_1
58,LH_Limbic_TempPole_2
59,LH_Limbic_TempPole_3
60,LH_Limbic_TempPole_4
61,LH_Cont_Par_1
62,LH_Cont_Par_2
63,LH_Cont_Par_3
64,LH_Cont_Temp_1
65,LH_Cont_OFC_1
66,LH_Cont_PFCl_1
67,LH_Cont_PFCl_2
68,LH_Cont_PFCl_3
69,LH_Cont_PFCl_4
70,LH_Cont_PFCl_5
71,LH_Cont_pCun_1
72,LH_Cont_Cing_1
73,LH_Cont_Cing_2
74,LH_Default_Temp_1
75,LH_Default_Temp_2
76,LH_Default_Temp_3
77,LH_Default_Temp_4
78,LH_Default_Temp_5
79,LH_Default_Par_1
80,LH_Default_Par_2
81,LH_Default_Par_3
82,LH_Default_Par_4
83,LH_Default_PFC_1
84,LH_Default_PFC_2
85,LH_Default_PFC_3
86,LH_Default_PFC_4
87,LH_Default_PFC_5
88,LH_Default_PFC_6
89,LH_Default_PFC_7
90,LH_Default_PFC_8
91,LH_Default_PFC_9
92,LH_Default_PFC_10
93,LH_Default_PFC_11
94,LH_Default_PFC_12
95,LH_Default_PFC_13
96,LH_Default_pCunPCC_1
97,LH_Default_pCunPCC_2
98,LH_Default_pCunPCC_3
99,LH_Default_pCunPCC_4
100,LH_Default_PHC_1
101,RH_Vis_1
102,RH_Vis_2
103,RH_Vis_3
104,RH_Vis_4
105,RH_Vis_5
106,RH_Vis_6
107,RH_Vis_7
108,RH_Vis_8
109,RH_Vis_9
110,RH_Vis_10
111,RH_Vis_11
112,RH_Vis_12
113,RH_Vis_13
114,RH_Vis_14
115,RH_Vis_15
116,RH_SomMot_1
117,RH_SomMot_2
118,RH_SomMot_3
119,RH_SomMot_4
120,RH_SomMot_5
121,RH_SomMot_6
122,RH_SomMot_7
123,RH_SomMot_8
124,RH_SomMot_9
125,RH_SomMot_10
126,RH_SomMot_11
127,RH_SomMot_12
128,RH_SomMot_13
129,RH_SomMot_14
130,RH_SomMot_15
131,RH_SomMot_16
132,RH_SomMot_17
133,RH_SomMot_18
134,RH_SomMot_19
135,RH_DorsAttn_Post_1
136,RH_DorsAttn_Post_2
137,RH_DorsAttn_Post_3
138,RH_DorsAttn_Post_4
139,RH_DorsAttn_Post_5
140,RH_DorsAttn_Post_6
141,RH_DorsAttn_Post_7
142,RH_DorsAttn_Post_8
143,RH_DorsAttn_Post_9
144,RH_DorsAttn_Post_10
145,RH_DorsAttn_FEF_1
146,RH_DorsAttn_FEF_2
147,RH_DorsAttn_PrCv_1
148,RH_SalVentAttn_TempOccPar_1
149,RH_SalVentAttn_TempOccPar_2
150,RH_SalVentAttn_TempOccPar_3
151,RH_SalVentAttn_PrC_1
152,RH_SalVentAttn_FrOperIns_1
153,RH_SalVentAttn_FrOperIns_2
154,RH_SalVentAttn_FrOperIns_3
155,RH_SalVentAttn_FrOperIns_4
156,RH_SalVentAttn_Med_1
157,RH_SalVentAttn_Med_2
158,RH_SalVentAttn_Med_3
159,RH_Limbic_OFC_1
160,RH_Limbic_OFC_2
161,RH_Limbic_OFC_3
162,RH_Limbic_TempPole_1
163,RH_Limbic_TempPole_2
164,RH_Limbic_TempPole_3
165,RH_Cont_Par_1
166,RH_Cont_Par_2
167,RH_Cont_Par_3
168,RH_Cont_Temp_1
169,RH_Cont_PFCv_1
170,RH_Cont_PFCl_1
171,RH_Cont_PFCl_2
172,RH_Cont_PFCl_3
173,RH_Cont_PFCl_4
174,RH_Cont_PFCl_5
175,RH_Cont_PFCl_6
176,RH_Cont_PFCl_7
177,RH_Cont_pCun_1
178,RH_Cont_Cing_1
179,RH_Cont_Cing_2
180,RH_Cont_PFCmp_1
181,RH_Cont_PFCmp_2
182,RH_Default_Par_1
183,RH_Default_Par_2
184,RH_Default_Par_3
185,RH_Default_Temp_1
186,RH_Default_Temp_2
187,RH_Default_Temp_3
188,RH_Default_Temp_4
189,RH_Default_Temp_5
190,RH_Default_PFCv_1
191,RH_Default_PFCdPFCm_1
192,RH_Default_PFCdPFCm_2
193,RH_Default_PFCdPFCm_3
194,RH_Default_PFCdPFCm_4
195,RH_Default_PFCdPFCm_5
196,RH_Default_PFCdPFCm_6
197,RH_Default_PFCdPFCm_7
198,RH_Default_pCunPCC_1
199,RH_Default_pCunPCC_2
200,RH_Default_pCunPCC_3
201,HIP-rh
202,AMY-rh
203,pTHA-rh
204,aTHA-rh
205,NAc-rh
206,GP-rh
207,PUT-rh
208,CAU-rh
209,HIP-lh
210,AMY-lh
211,pTHA-lh
212,aTHA-lh
213,NAc-lh
214,GP-lh
215,PUT-lh
216,CAU-lh